Category,Label,2026-Q1,2025-Q4,2025-Q3,2025-Q2,2025-Q1,2024-Q4,2024-Q3,2024-Q2,2024-Q1,2023-Q4,2023-Q3,2023-Q2,2023-Q1,2022-Q4,2022-Q3,2022-Q2,2022-Q1,2021-Q4,2021-Q3,2021-Q2,2021-Q1,2020-Q4,2020-Q3,2020-Q2,2020-Q1,2019-Q4,2019-Q3,2019-Q2,2019-Q1,2018-Q4,2018-Q3,2018-Q2,2018-Q1,2017-Q4,2017-Q3,2017-Q2,2017-Q1,2016-Q4,2016-Q3,2016-Q2,2016-Q1,2015-Q4,2015-Q3,2015-Q2,2015-Q1,2014-Q4,2014-Q3,2014-Q2,2014-Q1,2013-Q4,2013-Q3,2013-Q2,2013-Q1,2012-Q4,2012-Q3,2012-Q2,2012-Q1,2011-Q4,2011-Q3,2011-Q2,2011-Q1
0_Period_Header,Period Ending,03/31/26,12/31/25,09/30/25,06/30/25,03/31/25,12/31/24,09/30/24,06/30/24,03/31/24,12/31/23,09/30/23,06/30/23,03/31/23,12/31/22,09/30/22,06/30/22,03/31/22,12/31/21,09/30/21,06/30/21,03/31/21,12/31/20,09/30/20,06/30/20,03/31/20,12/31/19,09/30/19,06/30/19,03/31/19,12/31/18,09/30/18,06/30/18,03/31/18,12/31/17,09/30/17,06/30/17,03/31/17,12/31/16,09/30/16,06/30/16,03/31/16,12/31/15,09/30/15,06/30/15,03/31/15,12/31/14,09/30/14,06/30/14,03/31/14,12/31/13,09/30/13,06/30/13,03/31/13,12/31/12,,,,,,,
1_Income_Statement,Revenue,8398000000.0,8806000000.0,8602000000.0,8133000000.0,7250000000.0,7489000000.0,7369000000.0,6961000000.0,6348000000.0,6548000000.0,6533000000.0,6269000000.0,5748000000.0,5817000000.0,5756000000.0,5497000000.0,5167000000.0,5216000000.0,4985000000.0,4528000000.0,4155000000.0,4120000000.0,3837000000.0,3335000000.0,4009000000.0,4414000000.0,4467000000.0,4113000000.0,3889000000.0,3807000000.0,3898000000.0,3665000000.0,3580000000.0,3312000000.0,3398000000.0,3053000000.0,2734000000.0,2756000000.0,2880000000.0,2694000000.0,2446000000.0,2517000000.0,2530000000.0,2390000000.0,2230000000.0,2411000000.0,2490000000.0,2368000000.0,2172000000.0,2126000000.0,2218000000.0,2096000000.0,1906000000.0,1895000000.0,1918000000.0,1820000000.0,1758000000.0,1728000000.0,1818000000.0,1667000000.0,1501000000.0
1_Income_Statement,Revenue - Payment Network,4948000000.0,4920000000.0,5179000000.0,4945000000.0,4432000000.0,4411000000.0,4629000000.0,4375000000.0,3920000000.0,3891000000.0,4210000000.0,4073000000.0,3650000000.0,3585000000.0,3765000000.0,3609000000.0,3399000000.0,,,,,,,,,,,,,,,,,,,,,,,,,,,,,,,,,,,,,,,,,,,,
1_Income_Statement,Revenue - Value Added Services And Solutions,3450000000.0,3886000000.0,3423000000.0,3188000000.0,2818000000.0,3078000000.0,2740000000.0,2586000000.0,2428000000.0,2657000000.0,2323000000.0,2196000000.0,2098000000.0,2232000000.0,1991000000.0,1888000000.0,1768000000.0,,,,,,,,,,,,,,,,,,,,,,,,,,,,,,,,,,,,,,,,,,,,
1_Income_Statement,General & Administrative,3039000000.0,3106000000.0,2923000000.0,2766000000.0,2523000000.0,2745000000.0,2744000000.0,2418000000.0,2286000000.0,2399000000.0,2285000000.0,2200000000.0,2043000000.0,2218000000.0,2069000000.0,1947000000.0,1844000000.0,1862000000.0,1831000000.0,1718000000.0,1676000000.0,1625000000.0,1423000000.0,1368000000.0,1494000000.0,1579000000.0,1448000000.0,1369000000.0,1367000000.0,1400000000.0,1268000000.0,1184000000.0,1321000000.0,1491000000.0,1136000000.0,1075000000.0,951000000.0,1096000000.0,933000000.0,930000000.0,868000000.0,998000000.0,883000000.0,810000000.0,650000000.0,972000000.0,784000000.0,731000000.0,665000000.0,685000000.0,701000000.0,621000000.0,608000000.0,639000000.0,620000000.0,591000000.0,579000000.0,,,,
1_Income_Statement,Marketing Expense,153000000.0,319000000.0,245000000.0,213000000.0,152000000.0,295000000.0,220000000.0,184000000.0,116000000.0,264000000.0,193000000.0,201000000.0,167000000.0,216000000.0,182000000.0,210000000.0,181000000.0,338000000.0,222000000.0,216000000.0,119000000.0,242000000.0,168000000.0,93000000.0,154000000.0,290000000.0,227000000.0,225000000.0,192000000.0,303000000.0,203000000.0,205000000.0,197000000.0,184000000.0,203000000.0,214000000.0,170000000.0,195000000.0,184000000.0,184000000.0,135000000.0,319000000.0,184000000.0,176000000.0,142000000.0,337000000.0,203000000.0,173000000.0,149000000.0,321000000.0,205000000.0,186000000.0,129000000.0,295000000.0,176000000.0,179000000.0,125000000.0,,,,
1_Income_Statement,"Depreciation, Depletion and Amortization, Nonproduction",299000000.0,297000000.0,290000000.0,281000000.0,275000000.0,231000000.0,225000000.0,225000000.0,216000000.0,205000000.0,211000000.0,192000000.0,191000000.0,184000000.0,185000000.0,189000000.0,192000000.0,189000000.0,188000000.0,186000000.0,163000000.0,150000000.0,141000000.0,145000000.0,144000000.0,146000000.0,137000000.0,122000000.0,117000000.0,113000000.0,111000000.0,115000000.0,120000000.0,115000000.0,118000000.0,111000000.0,92000000.0,92000000.0,93000000.0,93000000.0,95000000.0,93000000.0,94000000.0,92000000.0,87000000.0,84000000.0,83000000.0,81000000.0,73000000.0,71000000.0,64000000.0,61000000.0,62000000.0,62000000.0,58000000.0,56000000.0,54000000.0,,,,
1_Income_Statement,Restructuring & Related Charges,,,,,,,,,,,,,,,,,,,,,,,,,,,,,,,,,,,,,,,,,,,,,,87000000.0,,,,,,,,,,,,,,,
1_Income_Statement,Total Costs and Expenses,,,,,,,,,,,,,,,,,,,,,,,,,,,,,,,,,,,,,,,,,,,1161000000.0,1139000000.0,879000000.0,1398000000.0,1070000000.0,985000000.0,887000000.0,1206000000.0,970000000.0,868000000.0,799000000.0,996000000.0,854000000.0,846000000.0,758000000.0,1738000000.0,816000000.0,782000000.0,665000000.0
1_Income_Statement,Litigation & Settlement Charges,0.0,174000000.0,83000000.0,96000000.0,151000000.0,280000000.0,176000000.0,98000000.0,126000000.0,308000000.0,0.0,20000000.0,211000000.0,15000000.0,208000000.0,133000000.0,0.0,0.0,27000000.0,67000000.0,0.0,45000000.0,0.0,22000000.0,6000000.0,0.0,0.0,0.0,0.0,757000000.0,29000000.0,225000000.0,117000000.0,0.0,0.0,0.0,15000000.0,10000000.0,0.0,107000000.0,0.0,0.0,0.0,61000000.0,0.0,0.0,0.0,0.0,0.0,95000000.0,0.0,0.0,0.0,0.0,0.0,20000000.0,0.0,,,,
1_Income_Statement,Total Operating Expenses,3491000000.0,3896000000.0,3541000000.0,3356000000.0,3101000000.0,3551000000.0,3365000000.0,2925000000.0,2744000000.0,3176000000.0,2689000000.0,2613000000.0,2612000000.0,2633000000.0,2644000000.0,2479000000.0,2217000000.0,2389000000.0,2268000000.0,2187000000.0,1958000000.0,2062000000.0,1732000000.0,1628000000.0,1798000000.0,2015000000.0,1812000000.0,1716000000.0,1676000000.0,2573000000.0,1611000000.0,1729000000.0,1755000000.0,1790000000.0,1457000000.0,1400000000.0,1228000000.0,1393000000.0,1210000000.0,1314000000.0,1098000000.0,1410000000.0,1161000000.0,1139000000.0,879000000.0,1393000000.0,1070000000.0,985000000.0,887000000.0,685000000.0,701000000.0,621000000.0,608000000.0,639000000.0,620000000.0,591000000.0,579000000.0,1738000000.0,816000000.0,782000000.0,665000000.0
1_Income_Statement,Operating Income: Other Adjustments,-153000000.0,-319000000.0,-245000000.0,-213000000.0,-152000000.0,-295000000.0,-220000000.0,-184000000.0,-116000000.0,-264000000.0,-193000000.0,-201000000.0,-167000000.0,-216000000.0,-182000000.0,-210000000.0,-181000000.0,-338000000.0,-222000000.0,-216000000.0,-119000000.0,-242000000.0,-168000000.0,-93000000.0,-154000000.0,-290000000.0,-227000000.0,-225000000.0,-192000000.0,-303000000.0,-203000000.0,-205000000.0,-197000000.0,-184000000.0,-203000000.0,-214000000.0,-170000000.0,-195000000.0,-184000000.0,-184000000.0,-135000000.0,-319000000.0,-184000000.0,-176000000.0,-142000000.0,-337000000.0,-203000000.0,-173000000.0,-149000000.0,-355000000.0,-205000000.0,-186000000.0,-129000000.0,-295000000.0,-176000000.0,-179000000.0,-125000000.0,-1738000000.0,-816000000.0,-782000000.0,-665000000.0
1_Income_Statement,Operating Income,4907000000.0,4910000000.0,5061000000.0,4777000000.0,4149000000.0,3938000000.0,4004000000.0,4036000000.0,3604000000.0,3372000000.0,3844000000.0,3656000000.0,3136000000.0,3184000000.0,3112000000.0,3018000000.0,2950000000.0,2827000000.0,2717000000.0,2341000000.0,2197000000.0,2058000000.0,2105000000.0,1707000000.0,2211000000.0,2399000000.0,2655000000.0,2397000000.0,2213000000.0,1234000000.0,2287000000.0,1936000000.0,1825000000.0,1522000000.0,1941000000.0,1653000000.0,1506000000.0,1363000000.0,1670000000.0,1380000000.0,1348000000.0,1107000000.0,1369000000.0,1251000000.0,1351000000.0,1018000000.0,1420000000.0,1383000000.0,1285000000.0,920000000.0,1248000000.0,1228000000.0,1107000000.0,899000000.0,1064000000.0,974000000.0,1000000000.0,-10000000.0,1002000000.0,885000000.0,836000000.0
1_Income_Statement,Interest Expense,185000000.0,159000000.0,186000000.0,195000000.0,182000000.0,184000000.0,159000000.0,153000000.0,150000000.0,148000000.0,151000000.0,144000000.0,132000000.0,127000000.0,120000000.0,114000000.0,110000000.0,108000000.0,110000000.0,106000000.0,107000000.0,105000000.0,105000000.0,101000000.0,69000000.0,64000000.0,63000000.0,51000000.0,46000000.0,47000000.0,48000000.0,48000000.0,43000000.0,41000000.0,35000000.0,39000000.0,39000000.0,30000000.0,23000000.0,22000000.0,20000000.0,12000000.0,15000000.0,17000000.0,17000000.0,16000000.0,11000000.0,15000000.0,6000000.0,7000000.0,-3000000.0,5000000.0,5000000.0,7000000.0,4000000.0,3000000.0,6000000.0,,,,
1_Income_Statement,Interest Income,81000000.0,86000000.0,81000000.0,70000000.0,88000000.0,96000000.0,76000000.0,60000000.0,95000000.0,89000000.0,71000000.0,59000000.0,55000000.0,33000000.0,16000000.0,7000000.0,5000000.0,2000000.0,5000000.0,3000000.0,1000000.0,-3000000.0,3000000.0,8000000.0,16000000.0,20000000.0,26000000.0,24000000.0,27000000.0,43000000.0,31000000.0,31000000.0,17000000.0,12000000.0,15000000.0,14000000.0,15000000.0,11000000.0,12000000.0,10000000.0,10000000.0,5000000.0,5000000.0,6000000.0,9000000.0,7000000.0,8000000.0,6000000.0,7000000.0,8000000.0,11000000.0,11000000.0,8000000.0,10000000.0,9000000.0,9000000.0,9000000.0,,,,
1_Income_Statement,Gain/Loss on Investments,-66000000.0,-102000000.0,41000000.0,29000000.0,-32000000.0,41000000.0,-62000000.0,-13000000.0,6000000.0,34000000.0,-6000000.0,123000000.0,-212000000.0,-12000000.0,60000000.0,-117000000.0,-76000000.0,111000000.0,197000000.0,243000000.0,94000000.0,220000000.0,-91000000.0,75000000.0,-174000000.0,119000000.0,-100000000.0,143000000.0,5000000.0,0.0,0.0,0.0,0.0,,,,,,,,,,,,,,,,,,,,,,,,,,,,
1_Income_Statement,Equity Method Income,,,,,,,-62000000.0,-13000000.0,6000000.0,34000000.0,-6000000.0,123000000.0,-212000000.0,-12000000.0,60000000.0,-117000000.0,-76000000.0,111000000.0,197000000.0,243000000.0,94000000.0,220000000.0,-91000000.0,75000000.0,-174000000.0,,,,,,,,,,,,,,,,,,,,,,,,,,,,,,,,,,,,
1_Income_Statement,Other Income / (Expense),75000000.0,143000000.0,2000000.0,16000000.0,5000000.0,1000000.0,7000000.0,9000000.0,3000000.0,-26000000.0,3000000.0,10000000.0,6000000.0,11000000.0,4000000.0,4000000.0,4000000.0,-9000000.0,7000000.0,-3000000.0,5000000.0,-2000000.0,3000000.0,1000000.0,3000000.0,1000000.0,16000000.0,6000000.0,4000000.0,-15000000.0,-6000000.0,3000000.0,4000000.0,-9000000.0,11000000.0,0.0,-4000000.0,-33000000.0,-26000000.0,-3000000.0,-1000000.0,-75000000.0,-7000000.0,1000000.0,-3000000.0,-2000000.0,1000000.0,-1000000.0,-5000000.0,-10000000.0,-8000000.0,-1000000.0,-8000000.0,-8000000.0,-3000000.0,-7000000.0,-3000000.0,,,,
1_Income_Statement,Total Non-operating Income,-95000000.0,-34000000.0,-62000000.0,-105000000.0,-118000000.0,-47000000.0,-138000000.0,-97000000.0,-46000000.0,-51000000.0,-83000000.0,48000000.0,-283000000.0,-95000000.0,-40000000.0,-220000000.0,-177000000.0,-4000000.0,99000000.0,137000000.0,-7000000.0,110000000.0,-190000000.0,-17000000.0,-224000000.0,76000000.0,-121000000.0,122000000.0,-10000000.0,-19000000.0,-23000000.0,-14000000.0,-22000000.0,-38000000.0,-9000000.0,-25000000.0,-28000000.0,-52000000.0,-37000000.0,-15000000.0,-11000000.0,-82000000.0,-17000000.0,-10000000.0,-11000000.0,-11000000.0,-2000000.0,-10000000.0,-4000000.0,-9000000.0,6000000.0,5000000.0,-5000000.0,-5000000.0,2000000.0,-1000000.0,0.0,,,,
1_Income_Statement,Pretax Income: Other Adjustments,0.0,-2000000.0,0.0,-25000000.0,3000000.0,-1000000.0,62000000.0,13000000.0,-6000000.0,-34000000.0,6000000.0,-123000000.0,212000000.0,12000000.0,-60000000.0,117000000.0,76000000.0,-111000000.0,-197000000.0,-243000000.0,-94000000.0,-220000000.0,91000000.0,-75000000.0,174000000.0,0.0,0.0,0.0,0.0,0.0,0.0,0.0,0.0,0.0,0.0,0.0,0.0,0.0,0.0,0.0,0.0,0.0,0.0,0.0,0.0,0.0,0.0,0.0,0.0,0.0,0.0,0.0,0.0,0.0,0.0,0.0,0.0,29000000.0,-285000000.0,-277000000.0,-274000000.0
1_Income_Statement,Income Tax Expense,930000000.0,816000000.0,1072000000.0,971000000.0,751000000.0,549000000.0,603000000.0,681000000.0,547000000.0,530000000.0,563000000.0,859000000.0,492000000.0,564000000.0,573000000.0,523000000.0,142000000.0,444000000.0,402000000.0,412000000.0,362000000.0,383000000.0,402000000.0,270000000.0,294000000.0,375000000.0,426000000.0,471000000.0,341000000.0,316000000.0,365000000.0,353000000.0,311000000.0,1257000000.0,502000000.0,451000000.0,397000000.0,378000000.0,449000000.0,382000000.0,378000000.0,135000000.0,375000000.0,320000000.0,320000000.0,206000000.0,403000000.0,442000000.0,411000000.0,288000000.0,375000000.0,385000000.0,336000000.0,289000000.0,294000000.0,273000000.0,318000000.0,0.0,0.0,0.0,0.0
1_Income_Statement,Pretax Income,4812000000.0,4876000000.0,4999000000.0,4672000000.0,4031000000.0,3891000000.0,3866000000.0,3939000000.0,3558000000.0,3321000000.0,3761000000.0,3704000000.0,2853000000.0,3089000000.0,3072000000.0,2798000000.0,2773000000.0,2823000000.0,2816000000.0,2478000000.0,2190000000.0,2168000000.0,1915000000.0,1690000000.0,1987000000.0,2475000000.0,2534000000.0,2519000000.0,2203000000.0,1215000000.0,2264000000.0,1922000000.0,1803000000.0,1484000000.0,1932000000.0,1628000000.0,1478000000.0,1311000000.0,1633000000.0,1365000000.0,1337000000.0,1025000000.0,1352000000.0,1241000000.0,1340000000.0,1007000000.0,1418000000.0,1373000000.0,1281000000.0,911000000.0,1254000000.0,1233000000.0,1102000000.0,894000000.0,1066000000.0,973000000.0,1000000000.0,19000000.0,717000000.0,608000000.0,562000000.0
1_Income_Statement,Net Income,3882000000.0,4060000000.0,3927000000.0,3701000000.0,3280000000.0,3342000000.0,3263000000.0,3258000000.0,3011000000.0,2791000000.0,3198000000.0,2845000000.0,2361000000.0,2525000000.0,2499000000.0,2275000000.0,2631000000.0,2379000000.0,2414000000.0,2066000000.0,1828000000.0,1785000000.0,1513000000.0,1420000000.0,1693000000.0,2100000000.0,2108000000.0,2048000000.0,1862000000.0,899000000.0,1899000000.0,1569000000.0,1492000000.0,227000000.0,1430000000.0,1177000000.0,1081000000.0,933000000.0,1184000000.0,983000000.0,959000000.0,890000000.0,977000000.0,921000000.0,1020000000.0,801000000.0,1015000000.0,931000000.0,870000000.0,623000000.0,879000000.0,848000000.0,766000000.0,605000000.0,772000000.0,700000000.0,682000000.0,19000000.0,717000000.0,608000000.0,562000000.0
1_Income_Statement,Net Income to Noncontrolling Interest,6000000.0,6000000.0,6000000.0,4000000.0,5000000.0,5000000.0,4000000.0,4000000.0,3000000.0,3000000.0,4000000.0,3000000.0,2000000.0,4000000.0,3000000.0,3000000.0,3000000.0,-1000000.0,11000000.0,0.0,-1000000.0,-37000000.0,-32000000.0,-3000000.0,-1000000.0,2000000.0,1000000.0,-5000000.0,1000000.0,-2000000.0,1000000.0,6000000.0,1000000.0,-3000000.0,0.0,1000000.0,1000000.0,2000000.0,2000000.0,0.0,2000000.0,-3000000.0,1000000.0,1000000.0,1000000.0,13000000.0,1000000.0,-37000000.0,0.0,0.0,0.0,2000000.0,1000000.0,,,0.0,1000000.0,,,,
1_Income_Statement,EPS Basic,4.35,4.486187845303867,4.35,4.08,3.6,3.612972972972973,3.54,3.51,3.23,2.9565677966101696,3.4,3.01,2.48,2.6084710743801653,2.59,2.34,2.69,2.4078947368421053,2.45,2.09,1.84,1.781437125748503,1.51,1.41,1.68,2.08,2.08,2.01,1.81,0.87,1.83,1.5,1.42,0.21,1.34,1.1,1.0,0.86,1.08,0.89,0.86,0.79,0.86,0.81,0.89,0.7,0.88,0.8,0.73,0.52,0.73,0.7,0.62,0.49,0.62,0.56,0.54,0.15,5.65,4.77,4.31
1_Income_Statement,EPS Diluted,4.35,4.481236203090508,4.34,4.07,3.59,3.605177993527508,3.53,3.5,3.22,2.9503171247357294,3.39,3.0,2.47,2.600411946446962,2.58,2.34,2.68,2.3981854838709675,2.44,2.08,1.83,1.7743538767395626,1.51,1.41,1.68,2.07,2.07,2.0,1.8,0.87,1.82,1.5,1.41,0.21,1.34,1.1,1.0,0.86,1.08,0.89,0.86,0.79,0.86,0.81,0.89,0.69,0.87,0.8,0.73,0.52,0.73,0.7,0.62,0.49,0.62,0.56,0.54,0.15,5.63,4.76,4.29
1_Income_Statement,Shares Outstanding Basic,891000000.0,905000000.0,903000000.0,908000000.0,912000000.0,925000000.0,923000000.0,929000000.0,933000000.0,944000000.0,941000000.0,946000000.0,953000000.0,968000000.0,965000000.0,971000000.0,977000000.0,988000000.0,986000000.0,990000000.0,994000000.0,1002000000.0,1001000000.0,1004000000.0,1005000000.0,1008000000.0,1013000000.0,1020000000.0,1026000000.0,1032000000.0,1037000000.0,1043000000.0,1051000000.0,1057000000.0,1063000000.0,1070000000.0,1078000000.0,1087000000.0,1096000000.0,1098000000.0,1109000000.0,1121000000.0,1130000000.0,1138000000.0,1148000000.0,1153000000.0,1157000000.0,1165000000.0,1185000000.0,1201000000.0,1205000000.0,1214000000.0,1226000000.0,1240000000.0,1247000000.0,1259000000.0,1266000000.0,127000000.0,127000000.0,127000000.0,130000000.0
1_Income_Statement,Shares Outstanding Diluted,893000000.0,906000000.0,905000000.0,909000000.0,914000000.0,927000000.0,925000000.0,930000000.0,935000000.0,946000000.0,943000000.0,949000000.0,956000000.0,971000000.0,968000000.0,974000000.0,981000000.0,992000000.0,990000000.0,994000000.0,998000000.0,1006000000.0,1005000000.0,1008000000.0,1010000000.0,1013000000.0,1019000000.0,1025000000.0,1032000000.0,1038000000.0,1043000000.0,1049000000.0,1057000000.0,1063000000.0,1068000000.0,1075000000.0,1082000000.0,1090000000.0,1099000000.0,1101000000.0,1112000000.0,1124000000.0,1133000000.0,1141000000.0,1152000000.0,1157000000.0,1160000000.0,1169000000.0,1189000000.0,1205000000.0,1209000000.0,1217000000.0,1230000000.0,1246000000.0,1251000000.0,1263000000.0,1271000000.0,127000000.0,127000000.0,128000000.0,131000000.0
2_Balance_Sheet,Cash & Equivalents,7906000000.0,10566000000.0,10313000000.0,9031000000.0,9982000000.0,10808000000.0,12967000000.0,8802000000.0,9187000000.0,10465000000.0,8742000000.0,8521000000.0,8800000000.0,9196000000.0,9776000000.0,8152000000.0,9215000000.0,9902000000.0,8841000000.0,8623000000.0,9615000000.0,12419000000.0,12404000000.0,13302000000.0,12333000000.0,8969000000.0,5101000000.0,5691000000.0,5857000000.0,8337000000.0,6871000000.0,6210000000.0,6890000000.0,7592000000.0,5559000000.0,5177000000.0,6006000000.0,6721000000.0,5205000000.0,5176000000.0,4894000000.0,5747000000.0,5747000000.0,3361000000.0,4207000000.0,5137000000.0,5137000000.0,2878000000.0,4019000000.0,3599000000.0,3413000000.0,2348000000.0,1984000000.0,2052000000.0,3045000000.0,3153000000.0,3684000000.0,3734000000.0,,,
2_Balance_Sheet,Restricted Cash,551000000.0,561000000.0,478000000.0,542000000.0,507000000.0,492000000.0,1904000000.0,1806000000.0,1894000000.0,32000000.0,0.0,598000000.0,596000000.0,589000000.0,586000000.0,584000000.0,585000000.0,586000000.0,586000000.0,586000000.0,586000000.0,586000000.0,586000000.0,587000000.0,587000000.0,584000000.0,1871000000.0,1754000000.0,1728000000.0,1655000000.0,1607000000.0,1558000000.0,1534000000.0,1659000000.0,545000000.0,544000000.0,543000000.0,543000000.0,543000000.0,542000000.0,542000000.0,541000000.0,541000000.0,541000000.0,540000000.0,540000000.0,540000000.0,540000000.0,540000000.0,723000000.0,727000000.0,724000000.0,724000000.0,726000000.0,,,,0.0,,,
2_Balance_Sheet,Short-term Investments,313000000.0,332000000.0,335000000.0,336000000.0,319000000.0,330000000.0,338000000.0,362000000.0,364000000.0,592000000.0,602000000.0,344000000.0,402000000.0,400000000.0,412000000.0,438000000.0,449000000.0,473000000.0,510000000.0,544000000.0,489000000.0,483000000.0,400000000.0,390000000.0,477000000.0,688000000.0,751000000.0,809000000.0,1317000000.0,1696000000.0,1622000000.0,1535000000.0,1378000000.0,1849000000.0,1864000000.0,1782000000.0,1654000000.0,1614000000.0,1774000000.0,1271000000.0,1314000000.0,991000000.0,1232000000.0,1716000000.0,1589000000.0,1238000000.0,1857000000.0,2836000000.0,2543000000.0,2696000000.0,2594000000.0,2742000000.0,3036000000.0,2951000000.0,,,,1215000000.0,,,
2_Balance_Sheet,Marketable Securities And Equities,314000000.0,319000000.0,315000000.0,301000000.0,288000000.0,292000000.0,293000000.0,290000000.0,283000000.0,286000000.0,279000000.0,283000000.0,275000000.0,278000000.0,288000000.0,294000000.0,291000000.0,314000000.0,334000000.0,362000000.0,370000000.0,320000000.0,280000000.0,313000000.0,419000000.0,591000000.0,657000000.0,656000000.0,1109000000.0,1432000000.0,1298000000.0,1250000000.0,969000000.0,1149000000.0,1235000000.0,1177000000.0,1136000000.0,1162000000.0,1206000000.0,1156000000.0,1201000000.0,861000000.0,883000000.0,913000000.0,1598000000.0,1168000000.0,1882000000.0,2852000000.0,2554000000.0,2707000000.0,2610000000.0,2765000000.0,3068000000.0,2983000000.0,,,,1285000000.0,,,
2_Balance_Sheet,Accounts Receivable,4720000000.0,4609000000.0,4247000000.0,4184000000.0,3965000000.0,3773000000.0,4014000000.0,4195000000.0,4231000000.0,4060000000.0,3925000000.0,3763000000.0,3511000000.0,3425000000.0,3167000000.0,3175000000.0,2889000000.0,3006000000.0,2820000000.0,2773000000.0,2648000000.0,2646000000.0,2357000000.0,2147000000.0,2441000000.0,2514000000.0,2500000000.0,2607000000.0,2577000000.0,2276000000.0,2277000000.0,2164000000.0,2122000000.0,1969000000.0,1858000000.0,1708000000.0,1553000000.0,1416000000.0,1298000000.0,1203000000.0,1186000000.0,1079000000.0,1081000000.0,1128000000.0,1072000000.0,1109000000.0,1071000000.0,1134000000.0,995000000.0,966000000.0,990000000.0,949000000.0,941000000.0,925000000.0,,,,808000000.0,,,
2_Balance_Sheet,Prepaid Expenses,4639000000.0,3743000000.0,3954000000.0,3630000000.0,3419000000.0,2992000000.0,3039000000.0,2941000000.0,3028000000.0,2611000000.0,2624000000.0,2554000000.0,2501000000.0,2346000000.0,2475000000.0,2409000000.0,2320000000.0,2271000000.0,2367000000.0,2217000000.0,1999000000.0,1883000000.0,1958000000.0,1790000000.0,1729000000.0,1763000000.0,1933000000.0,1786000000.0,1513000000.0,1432000000.0,1375000000.0,1323000000.0,1273000000.0,1040000000.0,1180000000.0,1067000000.0,1060000000.0,850000000.0,822000000.0,865000000.0,713000000.0,663000000.0,843000000.0,903000000.0,644000000.0,671000000.0,602000000.0,641000000.0,552000000.0,471000000.0,502000000.0,565000000.0,488000000.0,681000000.0,,,,404000000.0,,,
2_Balance_Sheet,Settlement due from customers,2062000000.0,1626000000.0,1842000000.0,2418000000.0,2119000000.0,1821000000.0,1978000000.0,1514000000.0,1647000000.0,1233000000.0,1118000000.0,1378000000.0,1236000000.0,1270000000.0,1019000000.0,1063000000.0,1101000000.0,1319000000.0,861000000.0,937000000.0,1678000000.0,1706000000.0,1375000000.0,1782000000.0,1164000000.0,2995000000.0,2723000000.0,1549000000.0,1426000000.0,2452000000.0,1335000000.0,1532000000.0,1531000000.0,1375000000.0,1199000000.0,1271000000.0,1085000000.0,1093000000.0,1137000000.0,1005000000.0,1020000000.0,1068000000.0,912000000.0,1274000000.0,1070000000.0,1052000000.0,1188000000.0,1343000000.0,1476000000.0,1351000000.0,1333000000.0,668000000.0,670000000.0,1117000000.0,,,,601000000.0,,,
2_Balance_Sheet,Total Current Assets,22498000000.0,23558000000.0,23223000000.0,22140000000.0,19804000000.0,19724000000.0,22300000000.0,17780000000.0,18424000000.0,18961000000.0,16983000000.0,16530000000.0,16420000000.0,16606000000.0,16823000000.0,15211000000.0,15953000000.0,16949000000.0,15382000000.0,15079000000.0,16405000000.0,19113000000.0,18469000000.0,19381000000.0,18123000000.0,16902000000.0,14847000000.0,14165000000.0,14396000000.0,16171000000.0,15064000000.0,14305000000.0,14707000000.0,13797000000.0,13231000000.0,12542000000.0,12885000000.0,13228000000.0,11776000000.0,10998000000.0,10606000000.0,10984000000.0,9625000000.0,10217000000.0,10348000000.0,10997000000.0,10956000000.0,10577000000.0,11342000000.0,10950000000.0,10559000000.0,8962000000.0,8783000000.0,9357000000.0,,,,7741000000.0,,,
2_Balance_Sheet,"Property, Plant & Equipment",2349000000.0,2303000000.0,2299000000.0,2225000000.0,2171000000.0,2138000000.0,2176000000.0,2148000000.0,2077000000.0,2061000000.0,1972000000.0,1986000000.0,2006000000.0,2006000000.0,1951000000.0,1950000000.0,1957000000.0,1907000000.0,1860000000.0,1839000000.0,1850000000.0,1902000000.0,1887000000.0,1872000000.0,1901000000.0,1828000000.0,1492000000.0,1348000000.0,1305000000.0,921000000.0,876000000.0,860000000.0,839000000.0,829000000.0,901000000.0,845000000.0,748000000.0,733000000.0,698000000.0,680000000.0,669000000.0,675000000.0,641000000.0,632000000.0,602000000.0,615000000.0,553000000.0,539000000.0,528000000.0,526000000.0,474000000.0,471000000.0,468000000.0,472000000.0,,,,449000000.0,,,
2_Balance_Sheet,Operating Lease ROU Asset,,750000000.0,,,,681000000.0,,,,686000000.0,,,,679000000.0,,,,671000000.0,,,,748000000.0,,,,711000000.0,444000000.0,377000000.0,369000000.0,,,,,,,,,,,,,,,,,,,,,,,,,,,,,,,,
2_Balance_Sheet,Long-term Investments,1677000000.0,1705000000.0,1685000000.0,1638000000.0,1598000000.0,1607000000.0,1601000000.0,1709000000.0,1737000000.0,506000000.0,1650000000.0,1664000000.0,1503000000.0,1730000000.0,1678000000.0,1634000000.0,1772000000.0,1834000000.0,1684000000.0,1595000000.0,1305000000.0,1172000000.0,913000000.0,958000000.0,870000000.0,914000000.0,757000000.0,867000000.0,348000000.0,337000000.0,279000000.0,268000000.0,253000000.0,249000000.0,240000000.0,233000000.0,136000000.0,132000000.0,149000000.0,172000000.0,169000000.0,166000000.0,234000000.0,233000000.0,242000000.0,245000000.0,163000000.0,164000000.0,173000000.0,229000000.0,16000000.0,23000000.0,32000000.0,32000000.0,,,,70000000.0,,,
2_Balance_Sheet,"Deferred Income Tax Assets, Net",1396000000.0,1567000000.0,1546000000.0,1570000000.0,1575000000.0,1614000000.0,1612000000.0,1423000000.0,1329000000.0,1355000000.0,1370000000.0,1121000000.0,1267000000.0,1151000000.0,1069000000.0,920000000.0,795000000.0,486000000.0,471000000.0,454000000.0,459000000.0,491000000.0,607000000.0,573000000.0,550000000.0,543000000.0,,,,,,,,,,,,,,,,,,,,,,,,,,,,,,,,,,,
2_Balance_Sheet,Other Non-Current Assets,11186000000.0,11615000000.0,11056000000.0,10269000000.0,10035000000.0,9959000000.0,9193000000.0,9270000000.0,9104000000.0,8325000000.0,7839000000.0,7739000000.0,7641000000.0,7580000000.0,7011000000.0,6955000000.0,7158000000.0,6994000000.0,6567000000.0,6265000000.0,5714000000.0,5365000000.0,4965000000.0,4740000000.0,4557000000.0,4525000000.0,4090000000.0,3984000000.0,3346000000.0,3303000000.0,2925000000.0,2894000000.0,2826000000.0,2298000000.0,2195000000.0,2192000000.0,2147000000.0,1929000000.0,1961000000.0,1671000000.0,1603000000.0,1580000000.0,1619000000.0,1589000000.0,1490000000.0,1385000000.0,887000000.0,887000000.0,858000000.0,902000000.0,852000000.0,816000000.0,820000000.0,809000000.0,,,,736000000.0,,,
2_Balance_Sheet,Intangible Assets (Net),5495000000.0,5554000000.0,5591000000.0,5629000000.0,5533000000.0,5453000000.0,4235000000.0,4149000000.0,4123000000.0,4086000000.0,4022000000.0,4049000000.0,4027000000.0,3859000000.0,3582000000.0,3676000000.0,3675000000.0,3671000000.0,3561000000.0,3613000000.0,3321000000.0,1753000000.0,1507000000.0,1480000000.0,1447000000.0,1417000000.0,1310000000.0,1232000000.0,1025000000.0,991000000.0,1023000000.0,1043000000.0,1118000000.0,1120000000.0,1147000000.0,1126000000.0,702000000.0,722000000.0,747000000.0,762000000.0,788000000.0,803000000.0,820000000.0,862000000.0,648000000.0,714000000.0,705000000.0,759000000.0,723000000.0,672000000.0,655000000.0,637000000.0,637000000.0,672000000.0,,,,665000000.0,,,
2_Balance_Sheet,Goodwill,9525000000.0,9560000000.0,9574000000.0,9598000000.0,9352000000.0,9193000000.0,7721000000.0,7563000000.0,7545000000.0,7660000000.0,7488000000.0,7579000000.0,7575000000.0,7522000000.0,7176000000.0,7519000000.0,7625000000.0,7662000000.0,7569000000.0,7661000000.0,7051000000.0,4960000000.0,4159000000.0,4081000000.0,4070000000.0,4021000000.0,3724000000.0,3524000000.0,2944000000.0,2904000000.0,2950000000.0,2974000000.0,3104000000.0,3035000000.0,3015000000.0,1131000000.0,1775000000.0,1756000000.0,1814000000.0,1834000000.0,1886000000.0,1891000000.0,1907000000.0,1940000000.0,1469000000.0,1522000000.0,1456000000.0,1527000000.0,1286000000.0,1122000000.0,1101000000.0,1050000000.0,1042000000.0,1092000000.0,,,,1014000000.0,,,
2_Balance_Sheet,Total Assets,52449000000.0,54157000000.0,53289000000.0,51431000000.0,48470000000.0,48081000000.0,47237000000.0,42333000000.0,42602000000.0,42448000000.0,39674000000.0,39004000000.0,38936000000.0,38724000000.0,37612000000.0,36231000000.0,37163000000.0,37669000000.0,35410000000.0,34911000000.0,34800000000.0,33584000000.0,31594000000.0,32127000000.0,30648000000.0,29236000000.0,25981000000.0,24731000000.0,23520000000.0,24860000000.0,23340000000.0,22471000000.0,22944000000.0,21329000000.0,20914000000.0,19839000000.0,18570000000.0,18675000000.0,17323000000.0,16282000000.0,15905000000.0,16250000000.0,14634000000.0,15272000000.0,14633000000.0,15329000000.0,14659000000.0,14375000000.0,14802000000.0,14242000000.0,13730000000.0,12021000000.0,11809000000.0,12462000000.0,,,,10693000000.0,,,
2_Balance_Sheet,Accounts Payable,1030000000.0,999000000.0,935000000.0,818000000.0,993000000.0,929000000.0,911000000.0,835000000.0,790000000.0,834000000.0,589000000.0,643000000.0,735000000.0,926000000.0,615000000.0,633000000.0,666000000.0,738000000.0,557000000.0,547000000.0,476000000.0,527000000.0,341000000.0,369000000.0,371000000.0,489000000.0,505000000.0,432000000.0,508000000.0,537000000.0,382000000.0,345000000.0,370000000.0,933000000.0,722000000.0,654000000.0,680000000.0,609000000.0,437000000.0,452000000.0,409000000.0,472000000.0,381000000.0,481000000.0,406000000.0,419000000.0,319000000.0,420000000.0,297000000.0,338000000.0,280000000.0,259000000.0,262000000.0,357000000.0,,,,360000000.0,,,
2_Balance_Sheet,Settlement due to customers,2544000000.0,2409000000.0,2422000000.0,2676000000.0,2441000000.0,2316000000.0,2129000000.0,1594000000.0,1824000000.0,1399000000.0,992000000.0,1142000000.0,870000000.0,1111000000.0,1054000000.0,672000000.0,547000000.0,913000000.0,496000000.0,569000000.0,1297000000.0,1475000000.0,1129000000.0,1527000000.0,1149000000.0,2714000000.0,2158000000.0,1330000000.0,1189000000.0,2189000000.0,1155000000.0,1232000000.0,1280000000.0,1343000000.0,1002000000.0,1106000000.0,822000000.0,946000000.0,1052000000.0,828000000.0,849000000.0,866000000.0,883000000.0,1330000000.0,1201000000.0,1142000000.0,1226000000.0,1335000000.0,1374000000.0,1433000000.0,1218000000.0,607000000.0,624000000.0,1064000000.0,,,,699000000.0,,,
2_Balance_Sheet,"Estimated Litigation Liability, Current",339000000.0,800000000.0,943000000.0,1035000000.0,1057000000.0,930000000.0,665000000.0,525000000.0,595000000.0,723000000.0,475000000.0,1079000000.0,1107000000.0,1094000000.0,1086000000.0,923000000.0,797000000.0,840000000.0,838000000.0,906000000.0,841000000.0,842000000.0,798000000.0,853000000.0,852000000.0,914000000.0,938000000.0,935000000.0,1575000000.0,1591000000.0,920000000.0,949000000.0,828000000.0,709000000.0,709000000.0,736000000.0,734000000.0,722000000.0,716000000.0,810000000.0,710000000.0,709000000.0,711000000.0,722000000.0,731000000.0,771000000.0,789000000.0,799000000.0,859000000.0,886000000.0,727000000.0,724000000.0,724000000.0,726000000.0,,790000000.0,,770000000.0,,,
2_Balance_Sheet,Accrued Expenses,12327000000.0,13272000000.0,11979000000.0,10116000000.0,9263000000.0,10393000000.0,9105000000.0,8007000000.0,8062000000.0,8517000000.0,7775000000.0,7117000000.0,7310000000.0,7801000000.0,6888000000.0,6111000000.0,5954000000.0,6642000000.0,5964000000.0,5564000000.0,5200000000.0,5430000000.0,5011000000.0,4530000000.0,4676000000.0,5489000000.0,4985000000.0,4752000000.0,4329000000.0,4747000000.0,4745000000.0,4418000000.0,4501000000.0,3931000000.0,3685000000.0,3306000000.0,3158000000.0,3318000000.0,3214000000.0,2753000000.0,2876000000.0,2763000000.0,2512000000.0,2385000000.0,2169000000.0,2439000000.0,2098000000.0,1903000000.0,2128000000.0,2101000000.0,2004000000.0,1616000000.0,1703000000.0,1748000000.0,,,,1610000000.0,,,
2_Balance_Sheet,"Deposit Liability, Current",,2121000000.0,,,,1874000000.0,,,,1845000000.0,,,,1568000000.0,,,,,,,,,,,,,,,,,,,,,,,,,,,,,,,,,,,,,,,,,,,,,,,
2_Balance_Sheet,Accrued Employee Liabilities,844000000.0,1716000000.0,1331000000.0,1013000000.0,734000000.0,1681000000.0,1296000000.0,823000000.0,631000000.0,1258000000.0,996000000.0,754000000.0,589000000.0,1322000000.0,1005000000.0,709000000.0,496000000.0,980000000.0,836000000.0,614000000.0,441000000.0,727000000.0,559000000.0,435000000.0,323000000.0,713000000.0,576000000.0,404000000.0,292000000.0,744000000.0,599000000.0,442000000.0,312000000.0,613000000.0,486000000.0,342000000.0,241000000.0,496000000.0,389000000.0,293000000.0,239000000.0,473000000.0,377000000.0,320000000.0,271000000.0,531000000.0,365000000.0,265000000.0,206000000.0,413000000.0,356000000.0,240000000.0,177000000.0,354000000.0,,,,345000000.0,,,
2_Balance_Sheet,Deferred Revenue,,,,1999000000.0,1900000000.0,1874000000.0,1868000000.0,1772000000.0,1861000000.0,1845000000.0,1824000000.0,1723000000.0,1608000000.0,1568000000.0,1531000000.0,1621000000.0,1730000000.0,1873000000.0,1832000000.0,1806000000.0,1759000000.0,1696000000.0,1568000000.0,1548000000.0,1518000000.0,1370000000.0,,,,,,,,,,,,,,,,,,,,,,,,,,,,,,,,,,,
2_Balance_Sheet,Current Portion of Long-term Debt,1748000000.0,749000000.0,0.0,0.0,0.0,750000000.0,750000000.0,1086000000.0,2086000000.0,1337000000.0,1337000000.0,1336000000.0,276000000.0,274000000.0,957000000.0,735000000.0,778000000.0,792000000.0,650000000.0,649000000.0,649000000.0,649000000.0,,,,0.0,0.0,0.0,500000000.0,500000000.0,500000000.0,,,0.0,,,,,,,,,,,,,,,,,,,,,,,,,,,
2_Balance_Sheet,Operating Lease Liability (Current),,157000000.0,,,,133000000.0,,,,142000000.0,,,,140000000.0,,,,127000000.0,,,,125000000.0,,,,106000000.0,98000000.0,82000000.0,79000000.0,,,,,,,,,,,,,,,,,,,,,,,,,,,,,,,,
2_Balance_Sheet,Total Current Liabilities,22934000000.0,22762000000.0,20693000000.0,19029000000.0,17828000000.0,19220000000.0,17294000000.0,15594000000.0,16905000000.0,16264000000.0,14519000000.0,14636000000.0,13651000000.0,14171000000.0,13476000000.0,12085000000.0,11928000000.0,13162000000.0,11561000000.0,11297000000.0,11475000000.0,11847000000.0,9958000000.0,9923000000.0,9712000000.0,11904000000.0,10714000000.0,9497000000.0,10246000000.0,11593000000.0,9709000000.0,9455000000.0,8948000000.0,8793000000.0,7984000000.0,7583000000.0,7095000000.0,7206000000.0,7121000000.0,6462000000.0,6440000000.0,6269000000.0,5943000000.0,6476000000.0,5937000000.0,6222000000.0,5849000000.0,5790000000.0,5994000000.0,6032000000.0,5420000000.0,4327000000.0,4414000000.0,4906000000.0,,,,4217000000.0,,,
2_Balance_Sheet,Long-term Debt,17212000000.0,18251000000.0,18983000000.0,18970000000.0,18802000000.0,17476000000.0,17608000000.0,14519000000.0,13543000000.0,14344000000.0,14229000000.0,14284000000.0,15292000000.0,13749000000.0,13577000000.0,13746000000.0,13868000000.0,13109000000.0,13211000000.0,13250000000.0,13221000000.0,12023000000.0,12574000000.0,12498000000.0,12466000000.0,8527000000.0,7735000000.0,7806000000.0,5799000000.0,5834000000.0,5858000000.0,5858000000.0,6469000000.0,5424000000.0,5393000000.0,5326000000.0,5216000000.0,5180000000.0,3326000000.0,3306000000.0,3333000000.0,3268000000.0,1495000000.0,1495000000.0,1495000000.0,1494000000.0,1494000000.0,1494000000.0,1494000000.0,0.0,,,,,,,,,,,
2_Balance_Sheet,Other Non-Current Liabilities,5250000000.0,5091000000.0,5368000000.0,5197000000.0,4829000000.0,4553000000.0,4488000000.0,4401000000.0,4501000000.0,4474000000.0,4160000000.0,4110000000.0,4197000000.0,4034000000.0,3770000000.0,3767000000.0,3851000000.0,3591000000.0,3462000000.0,3401000000.0,3260000000.0,3111000000.0,3095000000.0,3075000000.0,2890000000.0,2729000000.0,2386000000.0,2224000000.0,2151000000.0,1877000000.0,1856000000.0,1750000000.0,1661000000.0,1438000000.0,860000000.0,842000000.0,538000000.0,524000000.0,545000000.0,562000000.0,545000000.0,572000000.0,803000000.0,764000000.0,765000000.0,674000000.0,649000000.0,652000000.0,619000000.0,598000000.0,549000000.0,567000000.0,540000000.0,523000000.0,,,,486000000.0,,,
2_Balance_Sheet,Operating Lease Liability (Non-current),,676000000.0,,,,627000000.0,,,,633000000.0,,,,630000000.0,,,,645000000.0,,,,726000000.0,,,,656000000.0,386000000.0,336000000.0,327000000.0,,,,,,,,,,,,,,,,,,,,,,,,,,,,,,,,
2_Balance_Sheet,Total Liabilities,45727000000.0,46411000000.0,45370000000.0,43557000000.0,41774000000.0,41566000000.0,39739000000.0,34851000000.0,35294000000.0,35451000000.0,33293000000.0,33425000000.0,33529000000.0,32347000000.0,31169000000.0,29969000000.0,30033000000.0,30257000000.0,28608000000.0,28342000000.0,28347000000.0,27067000000.0,25713000000.0,25579000000.0,25150000000.0,23245000000.0,20932000000.0,19622000000.0,18257000000.0,19371000000.0,17473000000.0,17121000000.0,17142000000.0,15761000000.0,14376000000.0,13891000000.0,12932000000.0,12991000000.0,11074000000.0,10413000000.0,10394000000.0,10188000000.0,8336000000.0,8836000000.0,8299000000.0,8505000000.0,8111000000.0,8061000000.0,8224000000.0,6747000000.0,6062000000.0,4992000000.0,5053000000.0,5533000000.0,,,,4816000000.0,,,
2_Balance_Sheet,Additional Paid-In Capital,6843000000.0,6907000000.0,6757000000.0,6562000000.0,6326000000.0,6442000000.0,6290000000.0,6089000000.0,5920000000.0,5893000000.0,5791000000.0,5622000000.0,5376000000.0,5298000000.0,5269000000.0,5163000000.0,5026000000.0,5061000000.0,5026000000.0,5053000000.0,4949000000.0,4982000000.0,4926000000.0,4832000000.0,4735000000.0,4787000000.0,4725000000.0,4675000000.0,4569000000.0,4580000000.0,4526000000.0,4453000000.0,4367000000.0,4365000000.0,4318000000.0,4257000000.0,4191000000.0,4183000000.0,4135000000.0,4072000000.0,4009000000.0,4004000000.0,3973000000.0,3936000000.0,3883000000.0,3876000000.0,3843000000.0,3811000000.0,3769000000.0,3762000000.0,3733000000.0,3692000000.0,3648000000.0,3641000000.0,,,,3519000000.0,,,
2_Balance_Sheet,Retained Earnings,88146000000.0,85035000000.0,81752000000.0,78509000000.0,75495000000.0,72907000000.0,70258000000.0,67604000000.0,64959000000.0,62564000000.0,60390000000.0,57730000000.0,55424000000.0,53607000000.0,51625000000.0,49599000000.0,47800000000.0,45648000000.0,43750000000.0,41771000000.0,40140000000.0,38747000000.0,37403000000.0,36288000000.0,35273000000.0,33984000000.0,32289000000.0,30517000000.0,28806000000.0,27283000000.0,26726000000.0,25086000000.0,23852000000.0,22364000000.0,22401000000.0,21205000000.0,20263000000.0,19418000000.0,18722000000.0,17746000000.0,16972000000.0,16222000000.0,15543000000.0,14746000000.0,14006000000.0,13169000000.0,12553000000.0,11666000000.0,10861000000.0,10121000000.0,9630000000.0,8823000000.0,8047000000.0,7354000000.0,,,,4745000000.0,,,
2_Balance_Sheet,Comprehensive Income,-928000000.0,-981000000.0,-935000000.0,-919000000.0,-1155000000.0,-1433000000.0,-1073000000.0,-1205000000.0,-1202000000.0,-1099000000.0,-1297000000.0,-1189000000.0,-1229000000.0,-1253000000.0,-1617000000.0,-1232000000.0,-798000000.0,-809000000.0,-791000000.0,-653000000.0,-738000000.0,-680000000.0,-880000000.0,-1046000000.0,-1079000000.0,-673000000.0,-858000000.0,-730000000.0,-673000000.0,-718000000.0,-670000000.0,-632000000.0,-373000000.0,-497000000.0,-542000000.0,-699000000.0,-863000000.0,-924000000.0,-717000000.0,-697000000.0,-620000000.0,-676000000.0,-536000000.0,-493000000.0,-639000000.0,-260000000.0,-92000000.0,188000000.0,180000000.0,178000000.0,120000000.0,-15000000.0,-50000000.0,61000000.0,,,,-2000000.0,,,
2_Balance_Sheet,"Equity, Attributable to Noncontrolling Interest",3000000.0,9000000.0,15000000.0,21000000.0,25000000.0,30000000.0,35000000.0,39000000.0,43000000.0,46000000.0,49000000.0,53000000.0,56000000.0,58000000.0,62000000.0,65000000.0,68000000.0,71000000.0,70000000.0,98000000.0,98000000.0,97000000.0,60000000.0,28000000.0,25000000.0,24000000.0,26000000.0,27000000.0,22000000.0,23000000.0,21000000.0,22000000.0,28000000.0,29000000.0,26000000.0,26000000.0,27000000.0,28000000.0,30000000.0,32000000.0,32000000.0,34000000.0,31000000.0,32000000.0,33000000.0,34000000.0,47000000.0,48000000.0,11000000.0,11000000.0,11000000.0,11000000.0,13000000.0,12000000.0,,,,9000000.0,,,
2_Balance_Sheet,Total Equity,6722000000.0,7746000000.0,7919000000.0,7874000000.0,6696000000.0,6515000000.0,7475000000.0,7460000000.0,7286000000.0,6975000000.0,6360000000.0,5557000000.0,5386000000.0,6356000000.0,6423000000.0,6236000000.0,7102000000.0,7383000000.0,6773000000.0,6540000000.0,6425000000.0,6488000000.0,5856000000.0,6498000000.0,5423000000.0,5917000000.0,4975000000.0,5035000000.0,5190000000.0,5418000000.0,5796000000.0,5279000000.0,5656000000.0,5497000000.0,6468000000.0,5878000000.0,5638000000.0,5684000000.0,6249000000.0,5869000000.0,5511000000.0,6062000000.0,6298000000.0,6436000000.0,6334000000.0,6824000000.0,6548000000.0,6314000000.0,6578000000.0,7495000000.0,7668000000.0,7029000000.0,6756000000.0,6929000000.0,,,,5877000000.0,,,
3_Cash_Flow,Net Income (CF),3882000000.0,4060000000.0,3927000000.0,3701000000.0,3280000000.0,3342000000.0,3263000000.0,3258000000.0,3011000000.0,2791000000.0,3198000000.0,2845000000.0,2361000000.0,2525000000.0,2499000000.0,2275000000.0,2631000000.0,2379000000.0,2414000000.0,2066000000.0,1828000000.0,1785000000.0,1513000000.0,1420000000.0,1693000000.0,2100000000.0,2108000000.0,2048000000.0,1862000000.0,899000000.0,1899000000.0,1569000000.0,1492000000.0,227000000.0,1430000000.0,1177000000.0,1081000000.0,933000000.0,1184000000.0,983000000.0,959000000.0,890000000.0,977000000.0,921000000.0,1020000000.0,801000000.0,1015000000.0,931000000.0,870000000.0,623000000.0,879000000.0,848000000.0,766000000.0,605000000.0,772000000.0,700000000.0,682000000.0,19000000.0,717000000.0,608000000.0,562000000.0
3_Cash_Flow,Amortization of Customer and Merchant Incentives,620000000.0,572000000.0,533000000.0,517000000.0,476000000.0,502000000.0,502000000.0,415000000.0,411000000.0,426000000.0,414000000.0,404000000.0,378000000.0,389000000.0,385000000.0,382000000.0,430000000.0,376000000.0,344000000.0,313000000.0,338000000.0,323000000.0,281000000.0,231000000.0,237000000.0,263000000.0,255000000.0,278000000.0,345000000.0,350000000.0,307000000.0,291000000.0,287000000.0,240000000.0,265000000.0,230000000.0,266000000.0,231000000.0,233000000.0,192000000.0,204000000.0,204000000.0,202000000.0,174000000.0,184000000.0,178000000.0,188000000.0,161000000.0,164000000.0,,,,,,,,,,,,
3_Cash_Flow,Gain/Loss on Investments (CF),-66000000.0,-102000000.0,41000000.0,29000000.0,-32000000.0,41000000.0,-62000000.0,-13000000.0,6000000.0,34000000.0,-6000000.0,123000000.0,-212000000.0,-12000000.0,60000000.0,-117000000.0,-76000000.0,111000000.0,197000000.0,243000000.0,94000000.0,220000000.0,-91000000.0,75000000.0,-174000000.0,119000000.0,-100000000.0,143000000.0,5000000.0,0.0,0.0,0.0,0.0,,,,,,,,,,,,,,,,,,,,,,,,,,,,
3_Cash_Flow,Stock-Based Compensation,136000000.0,112000000.0,177000000.0,179000000.0,129000000.0,108000000.0,155000000.0,155000000.0,108000000.0,86000000.0,131000000.0,135000000.0,108000000.0,22000000.0,98000000.0,101000000.0,74000000.0,32000000.0,89000000.0,87000000.0,65000000.0,52000000.0,75000000.0,75000000.0,52000000.0,43000000.0,77000000.0,73000000.0,57000000.0,43000000.0,55000000.0,55000000.0,43000000.0,39000000.0,49000000.0,49000000.0,39000000.0,39000000.0,36000000.0,42000000.0,32000000.0,121000000.0,24000000.0,30000000.0,,28000000.0,3000000.0,28000000.0,,36000000.0,28000000.0,22000000.0,,21000000.0,9000000.0,23000000.0,,,,,
3_Cash_Flow,Deferred Income Taxes,193000000.0,-20000000.0,-4000000.0,44000000.0,37000000.0,-266000000.0,-168000000.0,-96000000.0,3000000.0,3000000.0,-263000000.0,153000000.0,-129000000.0,-62000000.0,-123000000.0,-146000000.0,-320000000.0,-20000000.0,-34000000.0,-48000000.0,33000000.0,66000000.0,-22000000.0,3000000.0,26000000.0,-21000000.0,-51000000.0,27000000.0,38000000.0,-35000000.0,-102000000.0,-61000000.0,-46000000.0,142000000.0,-33000000.0,-31000000.0,8000000.0,-19000000.0,7000000.0,12000000.0,-20000000.0,-34000000.0,17000000.0,-36000000.0,37000000.0,-11000000.0,-3000000.0,-10000000.0,-67000000.0,-85000000.0,-2000000.0,,,,,,,,,,
3_Cash_Flow,Other Non-Cash Items,-17000000.0,-40000000.0,-39000000.0,-22000000.0,-38000000.0,-74000000.0,-37000000.0,-48000000.0,-32000000.0,66000000.0,-51000000.0,-35000000.0,-2000000.0,-4000000.0,-22000000.0,-13000000.0,-5000000.0,-2000000.0,-2000000.0,-21000000.0,-11000000.0,1000000.0,-47000000.0,52000000.0,-20000000.0,-3000000.0,-9000000.0,-11000000.0,-1000000.0,-20000000.0,-6000000.0,-4000000.0,-1000000.0,-37000000.0,13000000.0,-26000000.0,-9000000.0,-53000000.0,-4000000.0,13000000.0,15000000.0,114000000.0,-56000000.0,-14000000.0,37000000.0,-28000000.0,-2000000.0,-20000000.0,-2000000.0,-19000000.0,-19000000.0,-13000000.0,-16000000.0,-18000000.0,-11000000.0,-15000000.0,-8000000.0,,,,
3_Cash_Flow,Change in AR,110000000.0,378000000.0,47000000.0,99000000.0,118000000.0,-87000000.0,-333000000.0,15000000.0,219000000.0,62000000.0,216000000.0,230000000.0,38000000.0,155000000.0,69000000.0,391000000.0,-134000000.0,163000000.0,76000000.0,88000000.0,70000000.0,198000000.0,187000000.0,-302000000.0,3000000.0,-32000000.0,-49000000.0,7000000.0,320000000.0,0.0,122000000.0,115000000.0,80000000.0,124000000.0,135000000.0,66000000.0,120000000.0,148000000.0,90000000.0,13000000.0,87000000.0,8000000.0,-24000000.0,21000000.0,30000000.0,68000000.0,-25000000.0,106000000.0,15000000.0,-25000000.0,31000000.0,11000000.0,25000000.0,9000000.0,61000000.0,58000000.0,-7000000.0,,,,
3_Cash_Flow,Increase (Decrease) Settlement due from customers,437000000.0,-216000000.0,-576000000.0,294000000.0,296000000.0,-150000000.0,459000000.0,-133000000.0,417000000.0,111000000.0,-259000000.0,143000000.0,-35000000.0,250000000.0,-43000000.0,-37000000.0,-218000000.0,455000000.0,-76000000.0,-741000000.0,-28000000.0,330000000.0,-405000000.0,618000000.0,-1831000000.0,273000000.0,1074000000.0,123000000.0,-1026000000.0,1117000000.0,-197000000.0,2000000.0,156000000.0,176000000.0,-72000000.0,185000000.0,-8000000.0,-43000000.0,128000000.0,-6000000.0,-69000000.0,176000000.0,-368000000.0,182000000.0,108000000.0,-99000000.0,-85000000.0,-130000000.0,129000000.0,2000000.0,636000000.0,-11000000.0,-433000000.0,287000000.0,0.0,170000000.0,43000000.0,,,,
3_Cash_Flow,Change in Deferred Revenue,199000000.0,67000000.0,55000000.0,99000000.0,26000000.0,6000000.0,96000000.0,-89000000.0,16000000.0,37000000.0,85000000.0,115000000.0,40000000.0,37000000.0,-90000000.0,-108000000.0,-144000000.0,41000000.0,26000000.0,47000000.0,63000000.0,128000000.0,20000000.0,30000000.0,148000000.0,197000000.0,112000000.0,16000000.0,-35000000.0,,,,,,,,,,,,,,,,,,,,,,,,,,,,,,,,
3_Cash_Flow,Change in AP,14000000.0,73000000.0,140000000.0,-248000000.0,80000000.0,16000000.0,50000000.0,30000000.0,-21000000.0,220000000.0,-32000000.0,-103000000.0,-184000000.0,281000000.0,19000000.0,-54000000.0,-56000000.0,174000000.0,18000000.0,-77000000.0,-15000000.0,171000000.0,-63000000.0,20000000.0,-102000000.0,-6000000.0,69000000.0,-83000000.0,-22000000.0,145000000.0,42000000.0,-24000000.0,-62000000.0,205000000.0,61000000.0,-33000000.0,57000000.0,178000000.0,-15000000.0,57000000.0,-75000000.0,80000000.0,-68000000.0,36000000.0,1000000.0,100000000.0,-68000000.0,75000000.0,-46000000.0,56000000.0,21000000.0,-4000000.0,-93000000.0,34000000.0,-9000000.0,61000000.0,-88000000.0,,,,
3_Cash_Flow,Increase (Decrease) Settlement due to customers,135000000.0,-13000000.0,-254000000.0,232000000.0,124000000.0,191000000.0,532000000.0,-231000000.0,430000000.0,401000000.0,-150000000.0,272000000.0,-241000000.0,55000000.0,385000000.0,127000000.0,-366000000.0,410000000.0,-72000000.0,-728000000.0,-178000000.0,345000000.0,-400000000.0,377000000.0,-1564000000.0,554000000.0,781000000.0,142000000.0,-1000000000.0,1035000000.0,-77000000.0,-46000000.0,-63000000.0,340000000.0,-105000000.0,283000000.0,-124000000.0,-105000000.0,221000000.0,-9000000.0,-41000000.0,6000000.0,-453000000.0,103000000.0,158000000.0,-41000000.0,-34000000.0,-35000000.0,-55000000.0,196000000.0,577000000.0,-28000000.0,-423000000.0,208000000.0,28000000.0,200000000.0,-88000000.0,,,,
3_Cash_Flow,Change in Accrued Expenses,39000000.0,1178000000.0,861000000.0,581000000.0,-784000000.0,916000000.0,1086000000.0,31000000.0,-446000000.0,528000000.0,750000000.0,-201000000.0,-506000000.0,550000000.0,920000000.0,464000000.0,-746000000.0,663000000.0,665000000.0,190000000.0,-163000000.0,285000000.0,456000000.0,-233000000.0,-622000000.0,391000000.0,279000000.0,470000000.0,-483000000.0,-22000000.0,380000000.0,131000000.0,-50000000.0,209000000.0,384000000.0,-14000000.0,10000000.0,273000000.0,247000000.0,-27000000.0,27000000.0,324000000.0,121000000.0,94000000.0,-214000000.0,329000000.0,269000000.0,-238000000.0,29000000.0,106000000.0,296000000.0,-57000000.0,-30000000.0,92000000.0,179000000.0,-51000000.0,1000000.0,,,,
3_Cash_Flow,Taxes Paid on Stock Awards,204000000.0,8000000.0,4000000.0,2000000.0,277000000.0,3000000.0,1000000.0,4000000.0,170000000.0,8000000.0,2000000.0,3000000.0,76000000.0,4000000.0,1000000.0,4000000.0,132000000.0,3000000.0,5000000.0,4000000.0,121000000.0,5000000.0,4000000.0,10000000.0,131000000.0,0.0,41000000.0,4000000.0,116000000.0,1000000.0,6000000.0,,77000000.0,1000000.0,0.0,0.0,46000000.0,0.0,,2000000.0,50000000.0,,,,,,,,,,,,,,,,,,,,
3_Cash_Flow,Other Operating Adjustments (Net),-1623000000.0,-803000000.0,-381000000.0,-160000000.0,-580000000.0,-333000000.0,-229000000.0,-488000000.0,-1242000000.0,-157000000.0,-988000000.0,-707000000.0,305000000.0,-284000000.0,-293000000.0,-126000000.0,-2000000.0,-361000000.0,-1106000000.0,-499000000.0,-571000000.0,-593000000.0,-380000000.0,-172000000.0,317000000.0,-619000000.0,-271000000.0,-1475000000.0,-127000000.0,-31000000.0,-260000000.0,-361000000.0,-190000000.0,625000000.0,-219000000.0,-132000000.0,-488000000.0,-380000000.0,-264000000.0,-158000000.0,27000000.0,-196000000.0,4000000.0,-312000000.0,-100000000.0,-718000000.0,-87000000.0,-167000000.0,-158000000.0,225000000.0,171000000.0,-52000000.0,228000000.0,204000000.0,85000000.0,-79000000.0,-52000000.0,,,,
3_Cash_Flow,Operating Cash Flow,2999000000.0,5002000000.0,5663000000.0,4603000000.0,2380000000.0,4834000000.0,5136000000.0,3138000000.0,1672000000.0,4130000000.0,3233000000.0,2698000000.0,1919000000.0,3100000000.0,3856000000.0,2457000000.0,1782000000.0,3189000000.0,2543000000.0,2268000000.0,1463000000.0,2253000000.0,1654000000.0,1458000000.0,1859000000.0,2980000000.0,2355000000.0,1536000000.0,1312000000.0,1332000000.0,2367000000.0,1489000000.0,1035000000.0,1823000000.0,1789000000.0,1325000000.0,727000000.0,1094000000.0,1424000000.0,1061000000.0,1058000000.0,1097000000.0,1272000000.0,821000000.0,911000000.0,725000000.0,1385000000.0,729000000.0,568000000.0,1199000000.0,1322000000.0,742000000.0,872000000.0,866000000.0,1014000000.0,641000000.0,427000000.0,,,,
3_Cash_Flow,Capital Expenditures,335000000.0,290000000.0,359000000.0,209000000.0,357000000.0,250000000.0,270000000.0,296000000.0,378000000.0,269000000.0,234000000.0,233000000.0,352000000.0,339000000.0,277000000.0,187000000.0,294000000.0,228000000.0,249000000.0,193000000.0,144000000.0,151000000.0,165000000.0,183000000.0,209000000.0,185000000.0,219000000.0,182000000.0,142000000.0,123000000.0,130000000.0,125000000.0,126000000.0,122000000.0,133000000.0,74000000.0,94000000.0,102000000.0,99000000.0,106000000.0,75000000.0,93000000.0,106000000.0,86000000.0,57000000.0,162000000.0,70000000.0,53000000.0,49000000.0,146000000.0,50000000.0,61000000.0,42000000.0,54000000.0,57000000.0,56000000.0,51000000.0,,,,
3_Cash_Flow,Capital Expenditures (Software),181000000.0,178000000.0,181000000.0,169000000.0,198000000.0,155000000.0,163000000.0,181000000.0,221000000.0,192000000.0,130000000.0,153000000.0,242000000.0,209000000.0,166000000.0,132000000.0,148000000.0,106000000.0,110000000.0,112000000.0,79000000.0,92000000.0,86000000.0,113000000.0,78000000.0,69000000.0,87000000.0,91000000.0,59000000.0,48000000.0,47000000.0,35000000.0,44000000.0,36000000.0,33000000.0,24000000.0,30000000.0,43000000.0,44000000.0,42000000.0,38000000.0,41000000.0,37000000.0,61000000.0,26000000.0,84000000.0,12000000.0,39000000.0,24000000.0,56000000.0,33000000.0,33000000.0,22000000.0,26000000.0,29000000.0,28000000.0,39000000.0,,,,
3_Cash_Flow,Acquisitions,,,,,,,,,,0.0,0.0,,,0.0,0.0,313000000.0,0.0,239000000.0,-3000000.0,836000000.0,3364000000.0,806000000.0,0.0,183000000.0,0.0,270000000.0,447000000.0,,,0.0,0.0,,,0.0,224000000.0,,,0.0,0.0,0.0,0.0,0.0,0.0,572000000.0,12000000.0,189000000.0,-5000000.0,195000000.0,146000000.0,0.0,0.0,0.0,0.0,0.0,,,,,,,
3_Cash_Flow,Purchases of Investments,68000000.0,116000000.0,138000000.0,128000000.0,119000000.0,94000000.0,195000000.0,124000000.0,95000000.0,56000000.0,87000000.0,107000000.0,50000000.0,75000000.0,68000000.0,66000000.0,58000000.0,45000000.0,83000000.0,106000000.0,155000000.0,31000000.0,33000000.0,15000000.0,135000000.0,94000000.0,163000000.0,81000000.0,305000000.0,347000000.0,248000000.0,597000000.0,108000000.0,183000000.0,209000000.0,117000000.0,205000000.0,206000000.0,190000000.0,115000000.0,446000000.0,112000000.0,73000000.0,98000000.0,691000000.0,408000000.0,504000000.0,854000000.0,619000000.0,590000000.0,625000000.0,377000000.0,934000000.0,858000000.0,1069000000.0,656000000.0,398000000.0,,,,
3_Cash_Flow,"Payments for (Proceeds from) Held-to-Maturity Securities, Short-Term",0.0,0.0,6000000.0,14000000.0,8000000.0,10000000.0,17000000.0,15000000.0,66000000.0,20000000.0,296000000.0,5000000.0,26000000.0,65000000.0,35000000.0,102000000.0,37000000.0,80000000.0,41000000.0,135000000.0,38000000.0,72000000.0,44000000.0,37000000.0,45000000.0,48000000.0,43000000.0,25000000.0,99000000.0,109000000.0,158000000.0,119000000.0,123000000.0,220000000.0,411000000.0,137000000.0,377000000.0,138000000.0,590000000.0,79000000.0,60000000.0,50000000.0,124000000.0,744000000.0,0.0,0.0,0.0,,,,,,,,,,,,,,
3_Cash_Flow,Proceeds from Investments,44000000.0,49000000.0,58000000.0,49000000.0,76000000.0,58000000.0,65000000.0,72000000.0,67000000.0,36000000.0,53000000.0,51000000.0,51000000.0,55000000.0,43000000.0,43000000.0,70000000.0,42000000.0,78000000.0,99000000.0,72000000.0,13000000.0,27000000.0,36000000.0,64000000.0,71000000.0,86000000.0,80000000.0,139000000.0,88000000.0,120000000.0,63000000.0,108000000.0,129000000.0,123000000.0,97000000.0,151000000.0,92000000.0,85000000.0,107000000.0,55000000.0,66000000.0,154000000.0,156000000.0,166000000.0,36000000.0,435000000.0,462000000.0,425000000.0,362000000.0,315000000.0,387000000.0,257000000.0,315000000.0,190000000.0,275000000.0,111000000.0,,,,
3_Cash_Flow,Proceeds from Asset Sales,40000000.0,,14000000.0,13000000.0,,,9000000.0,,8000000.0,,2000000.0,1000000.0,70000000.0,,1000000.0,10000000.0,,,3000000.0,18000000.0,,,,,177000000.0,2000000.0,0.0,,11000000.0,,,4000000.0,12000000.0,42000000.0,,,7000000.0,,0.0,,8000000.0,,8000000.0,,9000000.0,67000000.0,5000000.0,7000000.0,5000000.0,8000000.0,14000000.0,3000000.0,2000000.0,124000000.0,1000000.0,0.0,0.0,,,,
3_Cash_Flow,Other Investing Adjustments (Net),-43000000.0,-64000000.0,57000000.0,62000000.0,68000000.0,-2382000000.0,152000000.0,69000000.0,290000000.0,95000000.0,40000000.0,75000000.0,-90000000.0,74000000.0,28000000.0,90000000.0,32000000.0,112000000.0,157000000.0,11000000.0,69000000.0,-7000000.0,16000000.0,263000000.0,-359000000.0,64000000.0,160000000.0,-559000000.0,609000000.0,222000000.0,185000000.0,401000000.0,604000000.0,196000000.0,476000000.0,-891000000.0,395000000.0,316000000.0,164000000.0,83000000.0,133000000.0,327000000.0,510000000.0,641000000.0,66000000.0,898000000.0,1009000000.0,71000000.0,514000000.0,127000000.0,463000000.0,273000000.0,610000000.0,-754000000.0,13000000.0,49000000.0,36000000.0,,,,
3_Cash_Flow,Investing Cash Flow,-362000000.0,-421000000.0,-374000000.0,-227000000.0,-340000000.0,-2678000000.0,-256000000.0,-294000000.0,-174000000.0,-214000000.0,-522000000.0,-218000000.0,-397000000.0,-350000000.0,-308000000.0,-525000000.0,-287000000.0,-438000000.0,-132000000.0,-1142000000.0,-3560000000.0,-1054000000.0,-199000000.0,-119000000.0,-507000000.0,-460000000.0,-626000000.0,-767000000.0,213000000.0,-269000000.0,-231000000.0,-373000000.0,367000000.0,-158000000.0,-378000000.0,-1122000000.0,-123000000.0,-38000000.0,-630000000.0,-110000000.0,-385000000.0,138000000.0,369000000.0,-703000000.0,-519000000.0,242000000.0,880000000.0,-562000000.0,130000000.0,-239000000.0,117000000.0,225000000.0,-107000000.0,-1227000000.0,-922000000.0,-388000000.0,-302000000.0,,,,
3_Cash_Flow,Long-term Debt Issued,,,,,,,,,,,,,,,,,,,,,,,,,,,,,,,,,,,,,,,,,,,,,,,0.0,0.0,1487000000.0,,0.0,0.0,0.0,,,,,,,,
3_Cash_Flow,Net Long-Term Debt Issued (Repaid),,,,,,,,,,,,,,,,,,,,,,,,,,,,,,,,,,,,,,,,,,,,,,,0.0,0.0,1487000000.0,,0.0,0.0,0.0,,,,,,,,
3_Cash_Flow,Total Debt Issued,0.0,0.0,0.0,0.0,1242000000.0,0.0,2977000000.0,983000000.0,0.0,0.0,4000000.0,61000000.0,1489000000.0,-4000000.0,284000000.0,0.0,843000000.0,742000000.0,0.0,0.0,1282000000.0,0.0,0.0,0.0,3959000000.0,744000000.0,0.0,1980000000.0,0.0,0.0,0.0,0.0,991000000.0,0.0,0.0,0.0,0.0,,,,,1735000000.0,0.0,0.0,0.0,43000000.0,0.0,0.0,1487000000.0,,,,,,,,,,,,
3_Cash_Flow,Total Debt Repaid,0.0,0.0,0.0,0.0,750000000.0,0.0,336000000.0,1000000000.0,0.0,0.0,0.0,,,,,,,,,,,0.0,0.0,,,0.0,0.0,,,0.0,0.0,,,0.0,0.0,,,0.0,0.0,,,,,,,,,,,,,,,,,,,,,,
3_Cash_Flow,Total Net Debt Issued (Repaid),0.0,0.0,0.0,0.0,492000000.0,0.0,2641000000.0,-17000000.0,0.0,0.0,4000000.0,,,,,,,,,,,0.0,0.0,,,744000000.0,0.0,,,0.0,0.0,,,0.0,0.0,,,,,,,,,,,,0.0,0.0,1487000000.0,,,,,,,,,,,,
3_Cash_Flow,Shares Issued (Stock Plans),11000000.0,64000000.0,22000000.0,76000000.0,41000000.0,61000000.0,48000000.0,18000000.0,97000000.0,24000000.0,41000000.0,119000000.0,53000000.0,13000000.0,9000000.0,40000000.0,28000000.0,6000000.0,11000000.0,21000000.0,23000000.0,9000000.0,23000000.0,34000000.0,31000000.0,19000000.0,16000000.0,37000000.0,54000000.0,12000000.0,25000000.0,27000000.0,40000000.0,9000000.0,12000000.0,17000000.0,19000000.0,6000000.0,15000000.0,12000000.0,4000000.0,2000000.0,4000000.0,11000000.0,10000000.0,5000000.0,7000000.0,8000000.0,8000000.0,4000000.0,6000000.0,11000000.0,5000000.0,3000000.0,10000000.0,4000000.0,14000000.0,,,,
3_Cash_Flow,Share Repurchases,4035000000.0,3558000000.0,3331000000.0,2289000000.0,2549000000.0,3389000000.0,2934000000.0,2639000000.0,1992000000.0,1832000000.0,1906000000.0,2416000000.0,2878000000.0,2414000000.0,1551000000.0,2380000000.0,2408000000.0,1276000000.0,1561000000.0,1711000000.0,1356000000.0,1030000000.0,2060000000.0,0.0,1383000000.0,994000000.0,1762000000.0,1917000000.0,1824000000.0,888000000.0,1164000000.0,1529000000.0,1352000000.0,1031000000.0,838000000.0,931000000.0,962000000.0,1101000000.0,591000000.0,462000000.0,1357000000.0,793000000.0,930000000.0,848000000.0,947000000.0,155000000.0,404000000.0,1158000000.0,1669000000.0,751000000.0,345000000.0,581000000.0,766000000.0,613000000.0,216000000.0,671000000.0,248000000.0,,,,
3_Cash_Flow,Net Shares Issued (Repurchased),-4035000000.0,-3558000000.0,-3331000000.0,-2289000000.0,-2549000000.0,-3389000000.0,-2934000000.0,-2639000000.0,-1992000000.0,-1832000000.0,-1906000000.0,-2416000000.0,-2878000000.0,-2414000000.0,-1551000000.0,-2380000000.0,-2408000000.0,-1276000000.0,-1561000000.0,-1711000000.0,-1356000000.0,-1030000000.0,-2060000000.0,0.0,-1383000000.0,-994000000.0,-1762000000.0,-1917000000.0,-1824000000.0,-888000000.0,-1164000000.0,-1529000000.0,-1352000000.0,-1031000000.0,-838000000.0,-931000000.0,-962000000.0,-1101000000.0,-591000000.0,-462000000.0,-1357000000.0,-793000000.0,-930000000.0,-848000000.0,-947000000.0,-155000000.0,-404000000.0,-1158000000.0,-1669000000.0,-751000000.0,-345000000.0,-581000000.0,-766000000.0,-613000000.0,-216000000.0,-671000000.0,-248000000.0,,,,
3_Cash_Flow,Dividends Paid,777000000.0,777000000.0,684000000.0,687000000.0,692000000.0,693000000.0,607000000.0,611000000.0,615000000.0,616000000.0,536000000.0,538000000.0,541000000.0,545000000.0,472000000.0,474000000.0,477000000.0,480000000.0,433000000.0,434000000.0,434000000.0,439000000.0,398000000.0,402000000.0,402000000.0,402000000.0,334000000.0,335000000.0,337000000.0,339000000.0,259000000.0,260000000.0,262000000.0,233000000.0,235000000.0,236000000.0,238000000.0,207000000.0,209000000.0,209000000.0,212000000.0,179000000.0,181000000.0,183000000.0,184000000.0,127000000.0,128000000.0,129000000.0,131000000.0,73000000.0,72000000.0,73000000.0,37000000.0,38000000.0,37000000.0,38000000.0,19000000.0,,,,
3_Cash_Flow,Other Financing Adjustments (Net),11000000.0,157000000.0,19000000.0,-28000000.0,39000000.0,44000000.0,44000000.0,14000000.0,96000000.0,106000000.0,36000000.0,117000000.0,51000000.0,-647000000.0,1000000.0,37000000.0,20000000.0,-600000000.0,-138000000.0,-46000000.0,23000000.0,99000000.0,-6000000.0,3000000.0,57000000.0,70000000.0,12000000.0,-661000000.0,54000000.0,95000000.0,12000000.0,38000000.0,35000000.0,-5000000.0,31000000.0,-48000000.0,9000000.0,1979000000.0,16000000.0,11000000.0,2000000.0,-65000000.0,5000000.0,8000000.0,4000000.0,-6000000.0,11000000.0,-23000000.0,-4000000.0,36000000.0,-2000000.0,10000000.0,6000000.0,3000000.0,11000000.0,7000000.0,14000000.0,,,,
3_Cash_Flow,Financing Cash Flow,-5005000000.0,-4186000000.0,-4000000000.0,-3006000000.0,-2987000000.0,-4041000000.0,-857000000.0,-3257000000.0,-2681000000.0,-2350000000.0,-2404000000.0,-2779000000.0,-1955000000.0,-3614000000.0,-1739000000.0,-2821000000.0,-2154000000.0,-1617000000.0,-2137000000.0,-2195000000.0,-606000000.0,-1375000000.0,-2468000000.0,-409000000.0,2100000000.0,-582000000.0,-2125000000.0,-937000000.0,-2223000000.0,-1133000000.0,-1417000000.0,-1751000000.0,-665000000.0,-1270000000.0,-1042000000.0,-1215000000.0,-1237000000.0,675000000.0,-773000000.0,-651000000.0,-1595000000.0,700000000.0,-1100000000.0,-1016000000.0,-1100000000.0,-244000000.0,-510000000.0,-1306000000.0,-279000000.0,-792000000.0,-416000000.0,-638000000.0,-783000000.0,-647000000.0,-229000000.0,-702000000.0,-220000000.0,,,,
3_Cash_Flow,Net Cash Flow,-2368000000.0,395000000.0,1289000000.0,1370000000.0,-947000000.0,-1885000000.0,4023000000.0,-413000000.0,-1183000000.0,1566000000.0,307000000.0,-299000000.0,-433000000.0,-864000000.0,1809000000.0,-889000000.0,-659000000.0,1134000000.0,274000000.0,-1069000000.0,-2703000000.0,-176000000.0,-1013000000.0,930000000.0,3452000000.0,1938000000.0,-396000000.0,-168000000.0,-698000000.0,-70000000.0,719000000.0,-635000000.0,737000000.0,395000000.0,369000000.0,-1012000000.0,-633000000.0,1731000000.0,21000000.0,300000000.0,-922000000.0,1935000000.0,541000000.0,-898000000.0,-708000000.0,723000000.0,1755000000.0,-1139000000.0,419000000.0,168000000.0,1023000000.0,329000000.0,-18000000.0,-1008000000.0,-137000000.0,-449000000.0,-95000000.0,,,,
3_Cash_Flow,FX Effect on Cash,-116000000.0,8000000.0,-16000000.0,220000000.0,121000000.0,-274000000.0,142000000.0,28000000.0,-95000000.0,157000000.0,-86000000.0,20000000.0,37000000.0,284000000.0,-185000000.0,-174000000.0,-28000000.0,-73000000.0,-56000000.0,77000000.0,-101000000.0,191000000.0,115000000.0,39000000.0,-88000000.0,59000000.0,-77000000.0,28000000.0,-54000000.0,-71000000.0,-9000000.0,-21000000.0,95000000.0,6000000.0,71000000.0,88000000.0,35000000.0,-109000000.0,8000000.0,-18000000.0,69000000.0,-65000000.0,-25000000.0,52000000.0,-222000000.0,-48000000.0,-171000000.0,-2000000.0,1000000.0,18000000.0,42000000.0,35000000.0,-50000000.0,15000000.0,29000000.0,-82000000.0,45000000.0,,,,
4a_Segments_Business,Revenue - Crossborder Volume Fees,,,,,,,,,,,,,,,1803000000.0,1615000000.0,1395000000.0,1380000000.0,1276000000.0,1076000000.0,932000000.0,867000000.0,791000000.0,637000000.0,1217000000.0,1452000000.0,1517000000.0,1374000000.0,1263000000.0,1261000000.0,1338000000.0,1198000000.0,1157000000.0,,,,,,,,,,,,,,,,,,,,,,,,,,,,
4a_Segments_Business,Revenue - Domestic Assessments,,,,,,,,,,,,,,,2252000000.0,2283000000.0,2134000000.0,2165000000.0,2139000000.0,2056000000.0,1798000000.0,1749000000.0,1750000000.0,1474000000.0,1683000000.0,1774000000.0,1722000000.0,1680000000.0,1605000000.0,1579000000.0,1564000000.0,1537000000.0,1458000000.0,,,,,,,,,,,,,,,,,,,,,,,,,,,,
4a_Segments_Business,Revenue - Payment Solutions,8398000000.0,8806000000.0,8602000000.0,8133000000.0,7250000000.0,7489000000.0,7369000000.0,6961000000.0,6348000000.0,,,,,,,,,,,,,,,,,,,,,,,,,,,,,,,,,,,,,,,,,,,,,,,,,,,,
4a_Segments_Business,Revenue - Transaction Processing,,,,,,,,,,,,,,,3288000000.0,3061000000.0,2912000000.0,2987000000.0,2849000000.0,2612000000.0,2351000000.0,2379000000.0,2251000000.0,1901000000.0,2200000000.0,2263000000.0,2231000000.0,2053000000.0,1922000000.0,1942000000.0,1912000000.0,1830000000.0,1707000000.0,,,,,,,,,,,,,,,,,,,,,,,,,,,,
4a_Segments_Business,Revenue - Other Revenues,,,,,,,,,,,,,,,1824000000.0,1745000000.0,1584000000.0,1840000000.0,1562000000.0,1475000000.0,1347000000.0,1431000000.0,1143000000.0,1081000000.0,1062000000.0,1233000000.0,1087000000.0,962000000.0,842000000.0,996000000.0,819000000.0,785000000.0,748000000.0,,,,,,,,,,,,,,,,,,,,,,,,,,,,
4a_Segments_Business,Depreciation & Amortization - Payment Solutions,299000000.0,297000000.0,290000000.0,281000000.0,275000000.0,231000000.0,225000000.0,225000000.0,216000000.0,,,,,,,,,,,,,,,,,,,,,,,,,,,,,,,,,,,,,,,,,,,,,,,,,,,,
4a_Segments_Business,Other Segment Items - Payment Solutions,471000000.0,712000000.0,552000000.0,452000000.0,429000000.0,586000000.0,421000000.0,415000000.0,365000000.0,,,,,,,,,,,,,,,,,,,,,,,,,,,,,,,,,,,,,,,,,,,,,,,,,,,,
4a_Segments_Business,Significant Segment Expenses - Foreign exchange activity,58000000.0,45000000.0,26000000.0,41000000.0,1000000.0,16000000.0,16000000.0,5000000.0,28000000.0,,,,,,,,,,,,,,,,,,,,,,,,,,,,,,,,,,,,,,,,,,,,,,,,,,,,
4a_Segments_Business,Significant Segment Expenses - Personnel,2037000000.0,1818000000.0,1893000000.0,1852000000.0,1688000000.0,1653000000.0,1899000000.0,1607000000.0,1514000000.0,,,,,,,,,,,,,,,,,,,,,,,,,,,,,,,,,,,,,,,,,,,,,,,,,,,,
4a_Segments_Business,Significant Segment Expenses - Professional fees,124000000.0,189000000.0,128000000.0,107000000.0,113000000.0,191000000.0,129000000.0,113000000.0,116000000.0,,,,,,,,,,,,,,,,,,,,,,,,,,,,,,,,,,,,,,,,,,,,,,,,,,,,
4a_Segments_Business,Significant Segment Expenses - Provision for litigation,0.0,174000000.0,83000000.0,96000000.0,151000000.0,280000000.0,176000000.0,98000000.0,126000000.0,,,,,,,,,,,,,,,,,,,,,,,,,,,,,,,,,,,,,,,,,,,,,,,,,,,,
4a_Segments_Business,Significant Segment Expenses - Advertising and marketing,153000000.0,319000000.0,245000000.0,213000000.0,152000000.0,295000000.0,220000000.0,184000000.0,116000000.0,,,,,,,,,,,,,,,,,,,,,,,,,,,,,,,,,,,,,,,,,,,,,,,,,,,,
4a_Segments_Business,Significant Segment Expenses - Data processing and telecommunications,349000000.0,342000000.0,324000000.0,314000000.0,292000000.0,299000000.0,279000000.0,278000000.0,263000000.0,,,,,,,,,,,,,,,,,,,,,,,,,,,,,,,,,,,,,,,,,,,,,,,,,,,,
4b_Segments_Geographic_Regions,Revenue - International Markets,4834000000.0,4970000000.0,4951000000.0,4727000000.0,4099000000.0,4207000000.0,4213000000.0,3797000000.0,3575000000.0,6368000000.0,3705000000.0,3455000000.0,3211000000.0,3777000000.0,3725000000.0,3489000000.0,3437000000.0,3353000000.0,3218000000.0,2879000000.0,2618000000.0,2607000000.0,2419000000.0,2042000000.0,2633000000.0,2857000000.0,2877000000.0,2629000000.0,2506000000.0,2348000000.0,2505000000.0,2288000000.0,2300000000.0,,,,,,,,,,,,,,,,,,,,,,,,,,,,
4b_Segments_Geographic_Regions,Revenue - North America,3564000000.0,3836000000.0,3651000000.0,3406000000.0,3151000000.0,3282000000.0,3156000000.0,3164000000.0,2773000000.0,180000000.0,2828000000.0,2814000000.0,2537000000.0,2040000000.0,2031000000.0,2008000000.0,1730000000.0,1791000000.0,1707000000.0,1605000000.0,1491000000.0,1466000000.0,1381000000.0,1243000000.0,1334000000.0,1521000000.0,1545000000.0,1430000000.0,1347000000.0,1369000000.0,1360000000.0,1334000000.0,1248000000.0,,,,,,,,,,,,,,,,,,,,,,,,,,,,
4e_Operating_Metrics,RPO - Total,,,,,,,,,,,,,,,,,,,,,,,,,,,,,,,940000000.0,845000000.0,786000000.0,,,,,,,,,,,,,,,,,,,,,,,,,,,,
4e_Operating_Metrics,RPO - Value Added Services And Solutions,,2000000000.0,,,,1400000000.0,,,,,,,,,,,,,,,,,,,,,,,,,,,,,,,,,,,,,,,,,,,,,,,,,,,,,,,
4e_Operating_Metrics,RPO Expected Recognition - 2018-04-01,,,,,,,,,,,,,,,,,,,,,,,,,,,,,,,,156000000.0,211000000.0,,,,,,,,,,,,,,,,,,,,,,,,,,,,
4e_Operating_Metrics,RPO Expected Recognition - 2019-01-01,,,,,,,,,,,,,,,,,,,,,,,,,,,,,,,,521000000.0,473000000.0,,,,,,,,,,,,,,,,,,,,,,,,,,,,
4e_Operating_Metrics,RPO Expected Recognition - 2021-01-01,,,,,,,,,,,,,,,,,,,,,,,,,,,,,,,,147000000.0,79000000.0,,,,,,,,,,,,,,,,,,,,,,,,,,,,
4e_Operating_Metrics,RPO Expected Recognition - 2022-01-01,,,,,,,,,,,,,,1400000000.0,,,,1300000000.0,,,,,,,,,,,,,,,,,,,,,,,,,,,,,,,,,,,,,,,,,,,
4e_Operating_Metrics,RPO Expected Recognition - 2023-01-01,,,,,,,,,,1500000000.0,,,,,,,,,,,,,,,,,,,,,,21000000.0,23000000.0,,,,,,,,,,,,,,,,,,,,,,,,,,,,
4e_Operating_Metrics,Operating Measure - Cross-border assessments,3190000000.0,3265000000.0,3313000000.0,2848000000.0,2595000000.0,2706000000.0,2804000000.0,2433000000.0,2238000000.0,2197000000.0,2313000000.0,2050000000.0,1849000000.0,1791000000.0,1804000000.0,1612000000.0,1390000000.0,,,,,,,,,,,,,,,,,,,,,,,,,,,,,,,,,,,,,,,,,,,,
4e_Operating_Metrics,Operating Measure - Domestic assessments,2896000000.0,2773000000.0,2809000000.0,2789000000.0,2658000000.0,2538000000.0,2641000000.0,2596000000.0,2470000000.0,2384000000.0,2460000000.0,2468000000.0,2254000000.0,2215000000.0,2220000000.0,2251000000.0,2108000000.0,,,,,,,,,,,,,,,,,,,,,,,,,,,,,,,,,,,,,,,,,,,,
4e_Operating_Metrics,Operating Measure - Other network assessments,277000000.0,272000000.0,255000000.0,260000000.0,231000000.0,239000000.0,227000000.0,244000000.0,226000000.0,252000000.0,229000000.0,270000000.0,212000000.0,190000000.0,195000000.0,213000000.0,168000000.0,,,,,,,,,,,,,,,,,,,,,,,,,,,,,,,,,,,,,,,,,,,,
4e_Operating_Metrics,Operating Measure - Transaction processing assessments,4224000000.0,4241000000.0,4191000000.0,3971000000.0,3527000000.0,3605000000.0,3587000000.0,3324000000.0,3086000000.0,3164000000.0,3172000000.0,2979000000.0,2752000000.0,2831000000.0,2786000000.0,2572000000.0,2457000000.0,,,,,,,,,,,,,,,,,,,,,,,,,,,,,,,,,,,,,,,,,,,,
5_KPI_Metrics,Gross Margin (%),100.0,100.0,100.0,100.0,100.0,100.0,100.0,100.0,100.0,100.0,100.0,100.0,100.0,100.0,100.0,100.0,100.0,100.0,100.0,100.0,100.0,100.0,100.0,100.0,100.0,100.0,100.0,100.0,100.0,100.0,100.0,100.0,100.0,100.0,100.0,100.0,100.0,100.0,100.0,100.0,100.0,100.0,100.0,100.0,100.0,100.0,100.0,100.0,100.0,100.0,100.0,100.0,100.0,100.0,100.0,100.0,100.0,100.0,100.0,100.0,100.0
5_KPI_Metrics,Operating Margin (%),58.43,55.76,58.84,58.74,57.23,52.58,54.34,57.98,56.77,51.5,58.84,58.32,54.56,54.74,54.07,54.9,57.09,54.2,54.5,51.7,52.88,49.95,54.86,51.18,55.15,54.35,59.44,58.28,56.9,32.41,58.67,52.82,50.98,45.95,57.12,54.14,55.08,49.46,57.99,51.22,55.11,43.98,54.11,52.34,60.58,42.22,57.03,58.4,59.16,43.27,56.27,58.59,58.08,47.44,55.47,53.52,56.88,-0.58,55.12,53.09,55.7
5_KPI_Metrics,Net Margin (%),46.23,46.1,45.65,45.51,45.24,44.63,44.28,46.8,47.43,42.62,48.95,45.38,41.08,43.41,43.42,41.39,50.92,45.61,48.43,45.63,44.0,43.33,39.43,42.58,42.23,47.58,47.19,49.79,47.88,23.61,48.72,42.81,41.68,6.85,42.08,38.55,39.54,33.85,41.11,36.49,39.21,35.36,38.62,38.54,45.74,33.22,40.76,39.32,40.06,29.3,39.63,40.46,40.19,31.93,40.25,38.46,38.79,1.1,39.44,36.47,37.44
5_KPI_Metrics,Metric: Free Cash Flow,2664000000.0,4712000000.0,5304000000.0,4394000000.0,2023000000.0,4584000000.0,4866000000.0,2842000000.0,1294000000.0,3861000000.0,2999000000.0,2465000000.0,1567000000.0,2761000000.0,3579000000.0,2270000000.0,1488000000.0,2961000000.0,2294000000.0,2075000000.0,1319000000.0,2102000000.0,1489000000.0,1275000000.0,1650000000.0,2795000000.0,2136000000.0,1354000000.0,1170000000.0,1209000000.0,2237000000.0,1364000000.0,909000000.0,1701000000.0,1656000000.0,1251000000.0,633000000.0,992000000.0,1325000000.0,955000000.0,983000000.0,1004000000.0,1166000000.0,735000000.0,854000000.0,563000000.0,1315000000.0,676000000.0,519000000.0,1053000000.0,1272000000.0,681000000.0,830000000.0,812000000.0,957000000.0,585000000.0,376000000.0,,,,
5_KPI_Metrics,FCF Margin (%),31.72183853298404,53.508971156029986,61.6600790513834,54.02680437722858,27.90344827586207,61.209774335692344,66.03338309132853,40.82746731791409,20.384373030875867,58.96456933414783,45.905403336904946,39.32046578401659,27.261656228253305,47.464328691765516,62.178596247394026,41.29525195561215,28.798142055351267,56.76763803680982,46.018054162487466,45.82597173144876,31.744885679903728,51.019417475728154,38.80635913474068,38.23088455772114,41.15739585931654,63.3212505663797,47.8173270651444,32.920009725261366,30.084854718436617,31.757289204097717,57.38840430990252,37.21691678035471,25.39106145251397,51.358695652173914,48.734549735138316,40.97608909269571,23.152889539136794,35.99419448476052,46.00694444444444,35.44914625092799,40.188062142273104,39.88875645609853,46.08695652173913,30.753138075313807,38.29596412556054,23.35130651182082,52.81124497991968,28.5472972972973,23.895027624309392,49.52963311382879,57.34896302975654,32.49045801526718,43.54669464847849,42.849604221635886,49.89572471324296,32.142857142857146,21.387940841865756,,,,
5_KPI_Metrics,Metric: Unlevered Free Cash Flow,2813245635.9102244,4844391304.347826,5450113622.724545,4548472388.69863,2171092284.7928553,4742038550.501157,5000199948.266943,2968548362.5285606,1420939291.7369308,3985380608.250527,3127396171.2310557,2575604751.61987,1676236593.059937,2864811913.240531,3676617187.5,2362691208.005718,1592367111.4316626,3052013815.0903296,2388296875.0,2163376109.76594,1408313242.0091324,2188450645.7564573,1571958224.543081,1359863905.3254437,1708790639.1545043,2849303030.3030305,2188408839.7790055,1395464073.0448592,1208879709.4870632,1243776131.6872427,2277261484.09894,1403184183.1425598,944582917.3599557,1707271563.342318,1681905797.1014493,1279195945.945946,661524357.2395128,1013350114.416476,1341676056.3380282,970843223.4432235,997345549.7382199,1014419512.195122,1176839497.0414202,747616438.3561643,866940298.5074627,575726911.6186693,1322873765.867419,686171158.04807,523074941.4519906,1057787047.2008781,1269897129.1866028,684438767.2343876,833475499.092559,816737136.4653244,959896810.5065666,587158273.381295,380092000.0,,,,
5_KPI_Metrics,Metric: Total Debt,18960000000.0,19833000000.0,18983000000.0,18970000000.0,18802000000.0,18986000000.0,18358000000.0,15605000000.0,15629000000.0,16456000000.0,15566000000.0,15620000000.0,15568000000.0,14793000000.0,14534000000.0,14481000000.0,14646000000.0,14673000000.0,13861000000.0,13899000000.0,13870000000.0,13523000000.0,12574000000.0,12498000000.0,12466000000.0,9289000000.0,8219000000.0,8224000000.0,6705000000.0,6334000000.0,6358000000.0,5858000000.0,6469000000.0,5424000000.0,5393000000.0,5326000000.0,5216000000.0,5180000000.0,3326000000.0,3306000000.0,3333000000.0,3268000000.0,1495000000.0,1495000000.0,1495000000.0,1494000000.0,1494000000.0,1494000000.0,1494000000.0,0.0,,,,,,,,,,,
5_KPI_Metrics,Metric: Total Lease Liabilities,,833000000.0,,,,760000000.0,,,,775000000.0,,,,770000000.0,,,,772000000.0,,,,851000000.0,,,,762000000.0,484000000.0,418000000.0,406000000.0,,,,,,,,,,,,,,,,,,,,,,,,,,,,,,,,
5_KPI_Metrics,Metric: Net Cash (Debt),-10741000000.0,-8935000000.0,-8335000000.0,-9603000000.0,-8501000000.0,-7848000000.0,-5053000000.0,-6441000000.0,-6078000000.0,-5399000000.0,-6222000000.0,-6755000000.0,-6366000000.0,-5197000000.0,-4346000000.0,-5891000000.0,-4982000000.0,-4298000000.0,-4510000000.0,-4732000000.0,-3766000000.0,-621000000.0,230000000.0,1194000000.0,344000000.0,368000000.0,-2367000000.0,-1724000000.0,469000000.0,3699000000.0,2135000000.0,1887000000.0,1799000000.0,4017000000.0,2030000000.0,1633000000.0,2444000000.0,3155000000.0,3653000000.0,3141000000.0,2875000000.0,3470000000.0,5484000000.0,3582000000.0,4301000000.0,4881000000.0,5500000000.0,4220000000.0,5068000000.0,6295000000.0,,,,,,,,,,,
5_KPI_Metrics,Metric: ROE % (Annualised),231.0026777744719,52.414149238316554,198.35837858315443,188.01117602235203,195.9378733572282,51.29700690713738,174.6086956521739,174.6916890080429,165.30332143837495,40.01433691756272,201.13207547169813,204.78675544358467,175.3434831043446,39.72624292007552,155.62821111630078,145.92687620269405,148.18361025063362,32.22267370987403,142.56607116491952,126.36085626911316,113.80544747081711,27.51233045622688,103.34699453551912,87.41151123422591,124.87553014936381,35.490958255872904,169.48743718592965,162.70109235352533,143.5067437379576,16.592838685861942,131.055900621118,118.8861526804319,105.51626591230551,4.129525195561215,88.43537414965986,80.09527050017013,76.69386307201135,16.414496833216045,75.78812610017603,66.99608110410632,69.60624206133188,14.68162322665787,62.05144490314386,57.24052206339342,64.41427218187559,11.737983587338805,62.003665241295046,58.98004434589801,52.90361812100942,8.312208138759173,45.852895148669795,48.257220088206005,45.35227945529899,8.731418675133497,,,,0.3232941977199251,,,
5_KPI_Metrics,Metric: Effective Tax Rate %,19.326683291770575,16.735028712059062,21.444288857771554,20.783390410958905,18.63061275117837,14.109483423284502,15.597516813243661,17.28865194211729,15.37380550871276,15.959048479373683,14.969423025791013,23.191144708423327,17.245005257623554,18.258336031078017,18.65234375,18.69192280200143,5.120807789397764,15.727948990435706,14.275568181818182,16.626311541565777,16.5296803652968,17.666051660516604,20.99216710182768,15.976331360946746,14.796175138399597,15.151515151515152,16.811365430149962,18.69789599047241,15.478892419428053,26.008230452674898,16.12190812720848,18.366285119667015,17.249029395452027,84.70350404312669,25.98343685300207,27.7027027027027,26.860622462787553,28.832951945080094,27.49540722596448,27.985347985347985,28.272251308900525,13.170731707317074,27.736686390532544,25.7856567284448,23.88059701492537,20.456802383316784,28.42031029619182,32.19227967953387,32.08430913348946,31.613611416026345,29.904306220095695,31.22465531224655,30.490018148820326,32.32662192393736,27.5797373358349,28.05755395683453,31.8,,,,
6_Disclosures,Revenue - Accounting Standards Update201409 - Difference Between Revenue Guidance In Effect Before And After Topic606,,,,,,,,,,,,,,,,,,,,,,,,,,,,,,167000000.0,100000000.0,105000000.0,107000000.0,,,,,,,,,,,,,,,,,,,,,,,,,,,,
6_Disclosures,Revenue - Calculated Under Revenue Guidance In Effect Before Topic606,,,,,,,,,,,,,,,,,,,,,,,,,,,,,,3640000000.0,3798000000.0,3560000000.0,3473000000.0,,,,,,,,,,,,,,,,,,,,,,,,,,,,
6_Disclosures,Revenue - Marketable Securities,0.0,-168000000.0,0.0,0.0,0.0,,,,,,,,,,,,,,,,,,,,,,,,,,,,,,,,,,,,,,,,,,,,,,,,,,,,,,,,
6_Disclosures,Revenue - Nonmarketable Securities,-1000000.0,-13000000.0,0.0,0.0,0.0,,,,,,,,,,,,,,,,,,,,,,,,,,,,,,,,,,,,,,,,,,,,,,,,,,,,,,,,
6_Disclosures,General & Administrative - Accounting Standards Update201409 - Difference Between Revenue Guidance In Effect Before And After Topic606,,,,,,,,,,,,,,,,,,,,,,,,,,,,,,,1000000.0,0.0,-5000000.0,,,,,,,,,,,,,,,,,,,,,,,,,,,,
6_Disclosures,General & Administrative - Calculated Under Revenue Guidance In Effect Before Topic606,,,,,,,,,,,,,,,,,,,,,,,,,,,,,,,1235000000.0,1154000000.0,1299000000.0,,,,,,,,,,,,,,,,,,,,,,,,,,,,
6_Disclosures,"Derivative, Gain (Loss) on Derivative, Net - Cash Flow Hedging - Interest Rate Risk",,,,,,,,,,,,,,,,,,,,,,,,,-136000000.0,,,,,,,,,,,,,,,,,,,,,,,,,,,,,,,,,,,,
6_Disclosures,"Derivative, Gain (Loss) on Derivative, Net - Foreign Exchange Contract",20000000.0,,-19000000.0,60000000.0,-20000000.0,,1000000.0,-1000000.0,72000000.0,,-4000000.0,10000000.0,15000000.0,-4000000.0,13000000.0,12000000.0,1000000.0,,,,,,,,,,,,,,,,,,,,,,,,,,,,,,,,-4000000.0,12000000.0,29000000.0,34000000.0,-23000000.0,4000000.0,25000000.0,-3000000.0,-10000000.0,,,,
6_Disclosures,"Derivative, Gain (Loss) on Derivative, Net - Foreign Exchange Contract - General And Administrative Expense",,,,,,,,,,,,,,,13000000.0,12000000.0,1000000.0,-5000000.0,-2000000.0,-7000000.0,4000000.0,-32000000.0,-11000000.0,-24000000.0,107000000.0,-36000000.0,17000000.0,-15000000.0,-5000000.0,5000000.0,13000000.0,56000000.0,-21000000.0,-10000000.0,-20000000.0,-17000000.0,-28000000.0,36000000.0,-6000000.0,8000000.0,-44000000.0,-6000000.0,35000000.0,-11000000.0,33000000.0,1000000.0,-53000000.0,-22000000.0,-4000000.0,10000000.0,26000000.0,35000000.0,-23000000.0,7000000.0,25000000.0,-4000000.0,-6000000.0,,,,
6_Disclosures,"Derivative, Gain (Loss) on Derivative, Net - Foreign Exchange Contract - Sales",,,,,,,,,,,,,,,,,,,,,,,,,,,,,,,,,,,,,,,,,,,,,,0.0,0.0,0.0,0.0,2000000.0,3000000.0,-1000000.0,0.0,-3000000.0,0.0,1000000.0,-4000000.0,,,,
6_Disclosures,"Derivative, Gain (Loss) on Derivative, Net - Payment Solutions",58000000.0,-181000000.0,26000000.0,41000000.0,1000000.0,-114000000.0,16000000.0,5000000.0,28000000.0,,,,,,,,,,,,,,,,,,,,,,,,,,,,,,,,,,,,,,,,,,,,,,,,,,,,
6_Disclosures,"Equity Securities, FV-NI And Without Readily Determinable Fair Value, Gain (Loss) - Payment Solutions",66000000.0,-72000000.0,-41000000.0,-4000000.0,29000000.0,-98000000.0,62000000.0,13000000.0,-6000000.0,,,,,,,,,,,,,,,,,,,,,,,,,,,,,,,,,,,,,,,,,,,,,,,,,,,,
6_Disclosures,"Gain (Loss) on Derivative Instruments, Net, Pretax - Cash Flow Hedging - Interest Rate Risk",,,,,,,,,,,,,,,,,,,,,,,,,-175000000.0,,,,,,,,,,,,,,,,,,,,,,,,,,,,,,,,,,,,
6_Disclosures,Marketing Expense - Accounting Standards Update201409 - Difference Between Revenue Guidance In Effect Before And After Topic606,,,,,,,,,,,,,,,,,,,,,,,,,,,,,,38000000.0,27000000.0,59000000.0,40000000.0,,,,,,,,,,,,,,,,,,,,,,,,,,,,
6_Disclosures,Marketing Expense - Calculated Under Revenue Guidance In Effect Before Topic606,,,,,,,,,,,,,,,,,,,,,,,,,,,,,,175000000.0,208000000.0,176000000.0,184000000.0,,,,,,,,,,,,,,,,,,,,,,,,,,,,
6_Disclosures,Litigation & Settlement Charges - Canadian Merchant Litigation,,,,,,,,,,,,,,,,,,,,,,,,,,,,,,,,,,,,,15000000.0,,,,,,,,,,,,,,,,,,,,,,,,
6_Disclosures,Litigation & Settlement Charges - European Commission,,,,,,,,,,,,,,,,,,,,,,,,,,,,,,654000000.0,,,,,,,,,,,,,,,,,,,,,,,,,,,,,,,
6_Disclosures,Litigation & Settlement Charges - Pan European Merchant Litigation,,,,,,,,,,,,,,,,,,,,,,,,,,,,,,,6000000.0,,70000000.0,,,,,,,,,,,,,,,,,,,,,,,,,,,,
6_Disclosures,Litigation & Settlement Charges - Scenario Forecast,,,,,,,,,,,,,,,,,,,,,,,,,,,,,,,,,,,,,,,,,,,,,,,,,,,,,,,20000000.0,0.0,20000000.0,770000000.0,,,
6_Disclosures,Litigation & Settlement Charges - UK Merchant Lawsuit Settlement,,,,,,,,,,,,20000000.0,,,-208000000.0,,,,27000000.0,67000000.0,,,,22000000.0,,,,,,,23000000.0,15000000.0,19000000.0,,,,,10000000.0,,107000000.0,,,,,,,,,,,,,,,,,,,,,
6_Disclosures,Litigation & Settlement Charges - UK Prepaid Cards Matter,,,,,,,,,,,,,,,,,,,,,,45000000.0,,,,,,,,,,,,,,,,,,,,,,,,,,,,,,,,,,,,,,,
6_Disclosures,Litigation & Settlement Charges - US Merchant Lawsuit Settlement,,,,,,,,,,,,,,,,,,,,,,,,,,,,,,,,210000000.0,,,,,,,,,,,,,,,,,,,,,,770000000.0,,20000000.0,,770000000.0,,,
6_Disclosures,Litigation & Settlement Charges - US Merchant Litigation Class Litigation,,,,,,,,,,,,,,,,,,,,,,,,,,,,,,,,,27000000.0,,,,,,,,,,,,,,,,,,,,,,,,,,,,
6_Disclosures,Litigation & Settlement Charges - US Merchant Litigation Opt Out Merchants,,,,,,,,,,,,,,,,,,,,,,,,,,,,,,,,,,,,,,,,,,,,,,,,,,95000000.0,,,,,,,,,,,
6_Disclosures,Interest Expense - Payment Solutions,185000000.0,159000000.0,186000000.0,195000000.0,182000000.0,184000000.0,159000000.0,153000000.0,150000000.0,,,,,,,,,,,,,,,,,,,,,,,,,,,,,,,,,,,,,,,,,,,,,,,,,,,,
6_Disclosures,Interest Income - Payment Solutions,-81000000.0,564000000.0,-81000000.0,-70000000.0,-88000000.0,558000000.0,-76000000.0,-60000000.0,-95000000.0,,,,,,,,,,,,,,,,,,,,,,,,,,,,,,,,,,,,,,,,,,,,,,,,,,,,
6_Disclosures,Other Income / (Expense) - Payment Solutions,75000000.0,143000000.0,2000000.0,16000000.0,5000000.0,1000000.0,7000000.0,9000000.0,3000000.0,,,,,,,,,,,,,,,,,,,,,,,,,,,,,,,,,,,,,,,,,,,,,,,,,,,,
6_Disclosures,Pretax Income - Accounting Standards Update201409 - Difference Between Revenue Guidance In Effect Before And After Topic606,,,,,,,,,,,,,,,,,,,,,,,,,,,,,,125000000.0,72000000.0,46000000.0,72000000.0,,,,,,,,,,,,,,,,,,,,,,,,,,,,
6_Disclosures,Pretax Income - Calculated Under Revenue Guidance In Effect Before Topic606,,,,,,,,,,,,,,,,,,,,,,,,,,,,,,1090000000.0,2192000000.0,1876000000.0,1731000000.0,,,,,,,,,,,,,,,,,,,,,,,,,,,,
6_Disclosures,Pretax Income - Payment Solutions,4812000000.0,4876000000.0,4999000000.0,4672000000.0,4031000000.0,3891000000.0,3866000000.0,3939000000.0,3558000000.0,,,,,,,,,,,,,,,,,,,,,,,,,,,,,,,,,,,,,,,,,,,,,,,,,,,,
6_Disclosures,Income Tax Expense - Accounting Standards Update201409 - Difference Between Revenue Guidance In Effect Before And After Topic606,,,,,,,,,,,,,,,,,,,,,,,,,,,,,,25000000.0,14000000.0,14000000.0,14000000.0,,,,,,,,,,,,,,,,,,,,,,,,,,,,
6_Disclosures,Income Tax Expense - Accounting Standards Update201609,,,,,,,,,,,,,,,,,,,,,,,,,,,,,,,,,,-9000000.0,-9000000.0,-11000000.0,-20000000.0,,,,,,,,,,,,,,,,,,,,,,,,
6_Disclosures,Income Tax Expense - Calculated Under Revenue Guidance In Effect Before Topic606,,,,,,,,,,,,,,,,,,,,,,,,,,,,,,291000000.0,351000000.0,339000000.0,297000000.0,,,,,,,,,,,,,,,,,,,,,,,,,,,,
6_Disclosures,Net Income - Parent,,,,,,0.0,2000000.0,2000000.0,1000000.0,1000000.0,2000000.0,1000000.0,3000000.0,-2000000.0,1000000.0,2000000.0,2000000.0,1000000.0,2000000.0,1000000.0,1000000.0,6000000.0,0.0,3000000.0,-2000000.0,15000000.0,-2000000.0,-2000000.0,-2000000.0,,,,,,,,,,,,,,,,,,,,,,,,,,,,,,,,
6_Disclosures,Net Income - Retained Earnings,,,,,,0.0,2000000.0,2000000.0,1000000.0,1000000.0,2000000.0,1000000.0,3000000.0,-2000000.0,1000000.0,2000000.0,2000000.0,1000000.0,2000000.0,1000000.0,1000000.0,6000000.0,0.0,3000000.0,-2000000.0,15000000.0,-2000000.0,-2000000.0,-2000000.0,,,,,,,,,,,,,,,,,,,,,,,,,,,,,,,,
6_Disclosures,Net Income to Noncontrolling Interest - Noncontrolling Interest,6000000.0,6000000.0,6000000.0,4000000.0,5000000.0,5000000.0,4000000.0,4000000.0,3000000.0,3000000.0,4000000.0,3000000.0,2000000.0,4000000.0,3000000.0,3000000.0,3000000.0,-1000000.0,11000000.0,0.0,-1000000.0,-37000000.0,-32000000.0,-3000000.0,-1000000.0,2000000.0,1000000.0,-5000000.0,1000000.0,-2000000.0,1000000.0,6000000.0,1000000.0,-3000000.0,0.0,1000000.0,1000000.0,2000000.0,2000000.0,0.0,2000000.0,-3000000.0,1000000.0,1000000.0,1000000.0,13000000.0,1000000.0,-37000000.0,0.0,0.0,0.0,0.0,1000000.0,,,,,,,,
6_Disclosures,Shares Outstanding Diluted - Accounting Standards Update201609,,,,,,,,,,,,,,,,,,,,,,,,,,,,,,,,,,1000000.0,1000000.0,1000000.0,1000000.0,,,,,,,,,,,,,,,,,,,,,,,,
6_Disclosures,Net Income (CF) - Accounting Standards Update201409 - Difference Between Revenue Guidance In Effect Before And After Topic606,,,,,,,,,,,,,,,,,,,,,,,,,,,,,,100000000.0,58000000.0,32000000.0,58000000.0,,,,,,,,,,,,,,,,,,,,,,,,,,,,
6_Disclosures,Net Income (CF) - Calculated Under Revenue Guidance In Effect Before Topic606,,,,,,,,,,,,,,,,,,,,,,,,,,,,,,799000000.0,1841000000.0,1537000000.0,1434000000.0,,,,,,,,,,,,,,,,,,,,,,,,,,,,
6_Disclosures,Net Income (CF) - Noncontrolling Interest,,,,,,,,,,,,,,,,,,,,,,,,,,,,,,,,,,,,,,,,,,,,,,,,,,,,,0.0,,,,,,,,
6_Disclosures,Net Income (CF) - Parent,3882000000.0,4060000000.0,3927000000.0,3701000000.0,3280000000.0,3342000000.0,3263000000.0,3258000000.0,3011000000.0,2791000000.0,3198000000.0,2845000000.0,2361000000.0,2525000000.0,2499000000.0,2275000000.0,2631000000.0,2379000000.0,2414000000.0,2066000000.0,1828000000.0,1785000000.0,1513000000.0,1420000000.0,1693000000.0,2100000000.0,2108000000.0,2048000000.0,1862000000.0,,,,,,,,,,,,,,,,,,,,,,,,,,,,,,,,
6_Disclosures,Net Income (CF) - Payment Solutions,3882000000.0,4060000000.0,3927000000.0,3701000000.0,3280000000.0,3342000000.0,3263000000.0,3258000000.0,3011000000.0,,,,,,,,,,,,,,,,,,,,,,,,,,,,,,,,,,,,,,,,,,,,,,,,,,,,
6_Disclosures,Net Income (CF) - Retained Earnings,3882000000.0,4060000000.0,3927000000.0,3701000000.0,3280000000.0,3342000000.0,3263000000.0,3258000000.0,3011000000.0,2791000000.0,3198000000.0,2845000000.0,2361000000.0,2525000000.0,2499000000.0,2275000000.0,2631000000.0,2379000000.0,2414000000.0,2066000000.0,1828000000.0,1785000000.0,1513000000.0,1420000000.0,1693000000.0,2100000000.0,2108000000.0,2048000000.0,1862000000.0,899000000.0,1899000000.0,1569000000.0,1492000000.0,227000000.0,1430000000.0,1177000000.0,1081000000.0,933000000.0,1184000000.0,983000000.0,959000000.0,890000000.0,977000000.0,921000000.0,1020000000.0,801000000.0,1015000000.0,931000000.0,870000000.0,623000000.0,879000000.0,848000000.0,766000000.0,,,,,,,,
6_Disclosures,Gain/Loss on Investments (CF) - Marketable Securities,-45000000.0,-97000000.0,,,-32000000.0,,,,,,,,,,,,,,,,,,,,,,,,,,,,,,,,,,,,,,,,,,,,,,,,,,,,,,,,
6_Disclosures,Gain/Loss on Investments (CF) - Nonmarketable Securities,-21000000.0,-5000000.0,,,3000000.0,,,,,,,,,,,,,,,,,,,,,,,,,,,,,,,,,,,,,,,,,,,,,,,,,,,,,,,,
6_Disclosures,Operating Cash Flow - Accounting Standards Update201609,,,,,,,,,,,,,,,,,,,,,,,,,,,,,,,,,,,0.0,0.0,46000000.0,0.0,-1000000.0,2000000.0,50000000.0,,,,,,,,,,,,,,,,,,,,
6_Disclosures,Acquisitions - Series Of Individually Immaterial Business Acquisitions,,,,,,,,,,,,,,,,,,,,,,,0.0,,,,,,,,,,,,,,,,,,,,,,,,,,,,,,,,,,,,,,
6_Disclosures,Share Repurchases - A2013Share Repurchase Plan - Common Class A,,,,,,,,,,,,,,,,,,,,,,,,,,,,,,,,,,,,,,,,,,,,,,,,,,,,344000000.0,,,,,,,,,
6_Disclosures,Dividends Paid - Parent,771000000.0,777000000.0,684000000.0,687000000.0,692000000.0,693000000.0,607000000.0,611000000.0,615000000.0,616000000.0,536000000.0,538000000.0,541000000.0,545000000.0,472000000.0,474000000.0,477000000.0,480000000.0,433000000.0,434000000.0,434000000.0,439000000.0,398000000.0,402000000.0,402000000.0,402000000.0,334000000.0,335000000.0,337000000.0,,,,,,,,,,,,,,,,,,,,,,,,,,,,,,,,
6_Disclosures,Dividends Paid - Retained Earnings,771000000.0,777000000.0,684000000.0,687000000.0,692000000.0,693000000.0,607000000.0,611000000.0,615000000.0,616000000.0,536000000.0,538000000.0,541000000.0,545000000.0,472000000.0,474000000.0,477000000.0,480000000.0,433000000.0,434000000.0,434000000.0,439000000.0,398000000.0,402000000.0,402000000.0,402000000.0,334000000.0,335000000.0,337000000.0,339000000.0,259000000.0,260000000.0,262000000.0,262000000.0,234000000.0,235000000.0,236000000.0,237000000.0,208000000.0,209000000.0,209000000.0,211000000.0,180000000.0,181000000.0,183000000.0,185000000.0,128000000.0,126000000.0,130000000.0,132000000.0,72000000.0,72000000.0,73000000.0,,,,,,,,
6_Disclosures,Financing Cash Flow - Accounting Standards Update201609,,,,,,,,,,,,,,,,,,,,,,,,,,,,,,,,,,,0.0,0.0,46000000.0,0.0,-1000000.0,2000000.0,50000000.0,,,,,,,,,,,,,,,,,,,,
6_Disclosures,Business Segment Disclosure - Income Tax Expense - Payment Solutions,930000000.0,816000000.0,1072000000.0,971000000.0,751000000.0,549000000.0,603000000.0,681000000.0,547000000.0,,,,,,,,,,,,,,,,,,,,,,,,,,,,,,,,,,,,,,,,,,,,,,,,,,,,
6_Disclosures,Debt Issued - Notes Issued2024USD - Senior Notes,,,,,,0.0,,,,,,,,,,,,,,,,,,,,,,,,,,,,,,,,,,,,,,,,,,,,,,,,,,,,,,,
6_Disclosures,Income - Accumulated Defined Benefit Plans Adjustment Including Portion Attributable To Noncontrolling Interest,0.0,-6000000.0,0.0,0.0,0.0,17000000.0,0.0,2000000.0,0.0,-13000000.0,0.0,0.0,0.0,-31000000.0,0.0,0.0,0.0,43000000.0,0.0,0.0,0.0,-10000000.0,0.0,0.0,0.0,-18000000.0,0.0,-1000000.0,0.0,,,,,,,,,,,,,,,,,,,,,,,,,,,,,,,,
6_Disclosures,Income - Accumulated Foreign Currency Adjustment Including Portion Attributable To Noncontrolling Interest,-20000000.0,-57000000.0,-50000000.0,368000000.0,263000000.0,-506000000.0,254000000.0,-28000000.0,-159000000.0,400000000.0,-238000000.0,53000000.0,80000000.0,737000000.0,-681000000.0,-679000000.0,-52000000.0,-146000000.0,-210000000.0,134000000.0,-165000000.0,282000000.0,220000000.0,51000000.0,-267000000.0,227000000.0,-184000000.0,-34000000.0,14000000.0,,,,,,,,,,,,,,,,,,,,,,,,,,,,,,,,
6_Disclosures,Income - Accumulated Gain Loss Cash Flow Hedge Including Noncontrolling Interest,,,,,,,,,,,,,,,,,,,,,,,1000000.0,4000000.0,-150000000.0,11000000.0,0.0,0.0,0.0,,,,,,,,,,,,,,,,,,,,,,,,,,,,,,,,
6_Disclosures,Income - Accumulated Gain Loss Cash Flow Hedge Including Noncontrolling Interest - Foreign Exchange Contract,113000000.0,12000000.0,33000000.0,-283000000.0,-43000000.0,148000000.0,-104000000.0,88000000.0,17000000.0,-26000000.0,13000000.0,-8000000.0,-10000000.0,-15000000.0,11000000.0,4000000.0,1000000.0,4000000.0,2000000.0,-3000000.0,2000000.0,,,,,,,,,,,,,,,,,,,,,,,,,,,,,,,,,,,,,,,,
6_Disclosures,Income - Accumulated Gain Loss Cash Flow Hedge Including Noncontrolling Interest - Interest Rate Contract,0.0,0.0,,,0.0,0.0,,,0.0,0.0,,,0.0,,,,0.0,,,,0.0,,,,-150000000.0,,,,,,,,,,,,,,,,,,,,,,,,,,,,,,,,,,,,
6_Disclosures,Income - Accumulated Net Investment Gain Loss Including Portion Attributable To Noncontrolling Interest,-1000000.0,0.0,-1000000.0,,,-1000000.0,2000000.0,0.0,0.0,2000000.0,1000000.0,0.0,2000000.0,0.0,-2000000.0,-2000000.0,-1000000.0,-1000000.0,-1000000.0,0.0,1000000.0,0.0,2000000.0,2000000.0,-5000000.0,-1000000.0,0.0,0.0,3000000.0,,,,,,,,,,,,,,,,,,,,,,,,,,,,,,,,
6_Disclosures,Income - Accumulated Other Comprehensive Income,53000000.0,-46000000.0,-16000000.0,236000000.0,278000000.0,-360000000.0,132000000.0,-3000000.0,-103000000.0,198000000.0,-108000000.0,40000000.0,24000000.0,364000000.0,-385000000.0,-434000000.0,11000000.0,-18000000.0,-138000000.0,85000000.0,-58000000.0,200000000.0,166000000.0,33000000.0,-406000000.0,185000000.0,-128000000.0,-57000000.0,45000000.0,-48000000.0,-38000000.0,-259000000.0,124000000.0,45000000.0,157000000.0,164000000.0,61000000.0,-207000000.0,-20000000.0,-77000000.0,56000000.0,-140000000.0,-43000000.0,146000000.0,-379000000.0,-168000000.0,-280000000.0,8000000.0,2000000.0,58000000.0,135000000.0,35000000.0,-111000000.0,,,,,,,,
6_Disclosures,Income - Accumulated Translation Adjustment Including Portion Attributable To Noncontrolling Interest,37000000.0,-5000000.0,-2000000.0,-121000000.0,-41000000.0,219000000.0,-143000000.0,2000000.0,36000000.0,-169000000.0,107000000.0,-9000000.0,-57000000.0,-326000000.0,290000000.0,244000000.0,67000000.0,83000000.0,70000000.0,-47000000.0,103000000.0,-73000000.0,-57000000.0,-23000000.0,16000000.0,-34000000.0,56000000.0,-22000000.0,28000000.0,,,,,,,,,,,,,,,,,,,,,,,,,,,,,,,,
6_Disclosures,Income - Aoci Including Portion Attributable To Noncontrolling Interest,129000000.0,,-20000000.0,-35000000.0,179000000.0,,9000000.0,64000000.0,-106000000.0,,-117000000.0,36000000.0,15000000.0,,-382000000.0,-433000000.0,15000000.0,,-139000000.0,84000000.0,-59000000.0,,165000000.0,,,,,,,,,,,,,,,,,,,,,,,,,,,,,,,,,,,,,,
6_Disclosures,Income - Cash Flow Hedging - Interest Rate Risk,,,,,,,,,,-118000000.0,,,,-123000000.0,,,,-128000000.0,,,-132000000.0,133000000.0,,,-136000000.0,14000000.0,,,,,,,,,,,,,,,,,,,,,,,,,,,,,,,,,,,
6_Disclosures,Income - Euro Denominated Debt,47000000.0,-5000000.0,-2000000.0,-155000000.0,-65000000.0,123000000.0,-77000000.0,14000000.0,44000000.0,-82000000.0,54000000.0,-4000000.0,-35000000.0,-212000000.0,189000000.0,148000000.0,51000000.0,53000000.0,42000000.0,-27000000.0,-87000000.0,,,,,,,,,,,,,,,,,,,,,,,,,,,,,,,,,,,,,,,,
6_Disclosures,Income - Foreign Exchange Contract,118000000.0,13000000.0,34000000.0,-300000000.0,-48000000.0,158000000.0,-110000000.0,91000000.0,22000000.0,-34000000.0,17000000.0,-14000000.0,-10000000.0,-20000000.0,14000000.0,6000000.0,1000000.0,5000000.0,2000000.0,-4000000.0,3000000.0,0.0,0.0,0.0,0.0,,,,,,,,,,,,,,,,,,,,,,,,,,,,-23000000.0,,,,-10000000.0,,,,
6_Disclosures,Income - Foreign Exchange Contract - General And Administrative Expense,94000000.0,3000000.0,10000000.0,-254000000.0,-101000000.0,233000000.0,-122000000.0,66000000.0,0.0,0.0,0.0,0.0,0.0,,,,,,,,,,,,,,,,,,,,,,,,,,,,,,,,,,,,,,,,-23000000.0,,,,-6000000.0,,,,
6_Disclosures,Income - Foreign Exchange Contract - Revenues,-21000000.0,,,,5000000.0,,,,,,,,,,,,,,,,,,,,,,,,,,,,,,,,,,,,,,,,,,,,,,,,,,,,,,,,
6_Disclosures,Income - Foreign Exchange Contract - Sales,,-14000000.0,-16000000.0,-20000000.0,5000000.0,8000000.0,0.0,3000000.0,-3000000.0,-5000000.0,-10000000.0,-8000000.0,-6000000.0,2000000.0,6000000.0,1000000.0,7000000.0,2000000.0,0.0,-1000000.0,0.0,0.0,0.0,0.0,0.0,,,,,,,,,,,,,,,,,,,,,,,,,,,,0.0,,,,-4000000.0,,,,
6_Disclosures,Income - Interest Expense - Interest Rate Contract,,-7000000.0,-2000000.0,-2000000.0,-2000000.0,-7000000.0,-2000000.0,-1000000.0,-2000000.0,-6000000.0,-2000000.0,-1000000.0,-2000000.0,-6000000.0,-2000000.0,-1000000.0,-2000000.0,-6000000.0,-1000000.0,-2000000.0,-1000000.0,-4000000.0,-2000000.0,-1000000.0,0.0,0.0,,,,,,,,,,,,,,,,,,,,,,,,,,,,,,,,,,,
6_Disclosures,Income - Interest Rate Contract,,,0.0,0.0,0.0,0.0,0.0,0.0,0.0,0.0,0.0,0.0,0.0,0.0,0.0,0.0,0.0,0.0,0.0,0.0,0.0,-189000000.0,0.0,0.0,-189000000.0,14000000.0,,,,,,,,,,,,,,,,,,,,,,,,,,,,,,,,,,,
6_Disclosures,Income - Parent,53000000.0,4014000000.0,3911000000.0,3937000000.0,3558000000.0,2982000000.0,3395000000.0,3255000000.0,2908000000.0,2989000000.0,3090000000.0,2885000000.0,2385000000.0,2889000000.0,2114000000.0,1841000000.0,2642000000.0,2361000000.0,2276000000.0,2151000000.0,1770000000.0,1985000000.0,1679000000.0,1453000000.0,1287000000.0,2285000000.0,1980000000.0,1991000000.0,1907000000.0,,,,,,,,,,,,,,,,,,,,,,,,,,,,,,,,
6_Disclosures,Useful Life - Building - PPE,,30.0,,,,30.0,,,,30.0,,,,,,,,,,,,,,,,,,,,,,,,,,,,,,,,,,,,,,,,,,,,,,,,,,,
6_Disclosures,Useful Life - Building Equipment - Maximum - PPE,,15.0,,,,15.0,,,,15.0,,,,,,,,,,,,,,,,,,,,,,,,,,,,,,,,,,,,,,,,,,,,,,,,,,,
6_Disclosures,Useful Life - Building Equipment - Minimum - PPE,,10.0,,,,10.0,,,,10.0,,,,,,,,,,,,,,,,,,,,,,,,,,,,,,,,,,,,,,,,,,,,,,,,,,,
6_Disclosures,Useful Life - Furniture And Fixtures - Maximum - PPE,,6.0,,,,5.0,,,,5.0,,,,,,,,,,,,,,,,,,,,,,,,,,,,,,,,,,,,,,,,,,,,,,,,,,,
6_Disclosures,Useful Life - Furniture And Fixtures - Minimum - PPE,,2.0,,,,3.0,,,,3.0,,,,,,,,,,,,,,,,,,,,,,,,,,,,,,,,,,,,,,,,,,,,,,,,,,,
6_Disclosures,Useful Life - Intangibles - Maximum - Other Intangible Assets,,20.0,,,,20.0,,,,20.0,,,,,,,,,,,,,,,,,,,,,,,,,,,,,,,,,,,,,,,,,,,,,,,,,,,
6_Disclosures,Useful Life - Intangibles - Minimum - Other Intangible Assets,,1.0,,,,1.0,,,,1.0,,,,,,,,,,,,,,,,,,,,,,,,,,,,,,,,,,,,,,,,,,,,,,,,,,,
8_Integrity_Checks,Metric: Balance Sheet Closure Verified,1.0,1.0,1.0,1.0,1.0,1.0,1.0,1.0,1.0,1.0,1.0,1.0,1.0,1.0,1.0,1.0,1.0,1.0,1.0,1.0,1.0,1.0,1.0,1.0,1.0,1.0,1.0,1.0,1.0,1.0,1.0,1.0,1.0,1.0,1.0,1.0,1.0,1.0,1.0,1.0,1.0,1.0,1.0,1.0,1.0,1.0,1.0,1.0,1.0,1.0,1.0,1.0,1.0,1.0,,,,1.0,,,
8_Integrity_Checks,Metric: Balance Sheet Footing Verified,1.0,1.0,1.0,1.0,1.0,1.0,1.0,1.0,1.0,1.0,1.0,1.0,1.0,1.0,1.0,1.0,1.0,1.0,1.0,1.0,1.0,1.0,1.0,1.0,1.0,1.0,1.0,1.0,1.0,1.0,1.0,1.0,0.0,1.0,1.0,1.0,1.0,1.0,1.0,1.0,1.0,1.0,1.0,1.0,1.0,1.0,1.0,1.0,1.0,1.0,1.0,1.0,1.0,1.0,,,,1.0,,,
8_Integrity_Checks,Metric: Cash Flow Footing Verified,1.0,1.0,1.0,1.0,1.0,1.0,1.0,1.0,1.0,1.0,1.0,1.0,1.0,1.0,1.0,1.0,1.0,1.0,1.0,1.0,1.0,1.0,1.0,1.0,1.0,1.0,1.0,1.0,1.0,1.0,1.0,1.0,1.0,1.0,1.0,1.0,1.0,1.0,1.0,1.0,1.0,1.0,1.0,1.0,1.0,1.0,1.0,1.0,1.0,1.0,1.0,1.0,1.0,1.0,1.0,1.0,1.0,,,,
8_Integrity_Checks,Metric: Financials Footing Verified,1.0,1.0,1.0,1.0,1.0,1.0,1.0,1.0,1.0,1.0,1.0,1.0,1.0,1.0,1.0,1.0,1.0,1.0,1.0,1.0,1.0,1.0,1.0,1.0,1.0,1.0,1.0,1.0,1.0,1.0,1.0,1.0,0.0,1.0,1.0,1.0,1.0,1.0,1.0,1.0,1.0,1.0,1.0,1.0,1.0,1.0,1.0,1.0,1.0,1.0,1.0,1.0,1.0,1.0,,,,,,,
8_Integrity_Checks,Metric: Income Statement Footing Verified,1.0,1.0,1.0,1.0,1.0,1.0,1.0,1.0,1.0,1.0,1.0,1.0,1.0,1.0,1.0,1.0,1.0,1.0,1.0,1.0,1.0,1.0,1.0,1.0,1.0,1.0,1.0,1.0,1.0,1.0,1.0,1.0,1.0,1.0,1.0,1.0,1.0,1.0,1.0,1.0,1.0,1.0,1.0,1.0,1.0,1.0,1.0,1.0,1.0,1.0,1.0,1.0,1.0,1.0,1.0,1.0,1.0,1.0,1.0,1.0,1.0
8_Integrity_Checks,Metric: Operating Measure Conflicts,0.0,0.0,0.0,0.0,0.0,0.0,0.0,0.0,0.0,0.0,0.0,0.0,0.0,0.0,0.0,0.0,0.0,,,,,,,,,,,,,,0.0,,,,,,,,,,,,,,,,,,,,,,,,,,,,,,
8_Integrity_Checks,Metric: Operating Measure Equation Coverage %,0.0,100.0,0.0,0.0,0.0,100.0,0.0,0.0,0.0,100.0,0.0,0.0,0.0,100.0,0.0,0.0,0.0,,,,,,,,,,,,,,0.0,,,,,,,,,,,,,,,,,,,,,,,,,,,,,,
8_Integrity_Checks,Metric: Operating Measure Rows Sourced,4.0,4.0,4.0,4.0,4.0,4.0,4.0,4.0,4.0,4.0,4.0,4.0,4.0,4.0,4.0,4.0,4.0,,,,,,,,,,,,,,1.0,,,,,,,,,,,,,,,,,,,,,,,,,,,,,,
8_Integrity_Checks,Metric: Operating Measure Source Confidence %,96.4,88.0,96.4,96.4,96.4,88.0,97.0,97.0,96.4,88.0,97.0,97.0,96.4,88.0,96.4,96.4,96.4,,,,,,,,,,,,,,,,,,,,,,,,,,,,,,,,,,,,,,,,,,,,
8_Integrity_Checks,Metric: Operating Measures Verified,,1.0,,,,1.0,,,,1.0,,,,1.0,,,,,,,,,,,,,,,,,,,,,,,,,,,,,,,,,,,,,,,,,,,,,,,
