Category,Label,2026-Q1,2025-Q4,2025-Q3,2025-Q2,2025-Q1,2024-Q4,2024-Q3,2024-Q2,2024-Q1,2023-Q4,2023-Q3,2023-Q2,2023-Q1,2022-Q4,2022-Q3,2022-Q2,2022-Q1,2021-Q4,2021-Q3,2021-Q2,2021-Q1,2020-Q4,2020-Q3,2020-Q2,2020-Q1,2019-Q4,2019-Q3,2019-Q2,2019-Q1,2018-Q4,2018-Q3,2018-Q2,2018-Q1
0_Period_Header,Period Ending,03/31/26,12/31/25,09/30/25,06/30/25,03/31/25,12/31/24,09/30/24,06/30/24,03/31/24,12/31/23,09/30/23,06/30/23,03/31/23,12/31/22,09/30/22,06/30/22,03/31/22,12/31/21,09/30/21,06/30/21,03/31/21,12/31/20,09/30/20,06/30/20,03/31/20,12/31/19,09/30/19,06/30/19,03/31/19,,09/30/18,,
1_Income_Statement,Revenue,13203000000.0,14366000000.0,13467000000.0,12651000000.0,11533000000.0,11959000000.0,11188000000.0,10700000000.0,10131000000.0,9936000000.0,9292000000.0,9230000000.0,8823000000.0,8607000000.0,8343000000.0,8073000000.0,6854000000.0,5778000000.0,4845000000.0,3929000000.0,2903000000.0,3165000000.0,2813000000.0,1913000000.0,3248000000.0,4069000000.0,3813000000.0,3166000000.0,3099000000.0,2974000000.0,2944000000.0,2768000000.0,2584000000.0
1_Income_Statement,Cost of Revenue,7258000000.0,8681000000.0,8109000000.0,7611000000.0,6937000000.0,7234000000.0,6761000000.0,6488000000.0,6168000000.0,6057000000.0,5626000000.0,5515000000.0,5259000000.0,5307000000.0,5173000000.0,5153000000.0,4026000000.0,3104000000.0,2438000000.0,2099000000.0,1710000000.0,1441000000.0,1298000000.0,924000000.0,1491000000.0,1927000000.0,1860000000.0,1740000000.0,1681000000.0,1615000000.0,1510000000.0,1342000000.0,1156000000.0
1_Income_Statement,Gross Profit,5945000000.0,5685000000.0,5358000000.0,5040000000.0,4596000000.0,4725000000.0,4427000000.0,4212000000.0,3963000000.0,3879000000.0,3666000000.0,3715000000.0,3564000000.0,3300000000.0,3170000000.0,2920000000.0,2828000000.0,2674000000.0,2407000000.0,1830000000.0,1193000000.0,1724000000.0,1515000000.0,989000000.0,1757000000.0,2142000000.0,1953000000.0,1426000000.0,1418000000.0,1359000000.0,1434000000.0,1426000000.0,1428000000.0
1_Income_Statement,Operations And Support Expense,763000000.0,755000000.0,735000000.0,696000000.0,668000000.0,678000000.0,687000000.0,682000000.0,685000000.0,702000000.0,683000000.0,664000000.0,640000000.0,605000000.0,617000000.0,617000000.0,574000000.0,547000000.0,475000000.0,432000000.0,423000000.0,369000000.0,365000000.0,582000000.0,503000000.0,506000000.0,498000000.0,864000000.0,434000000.0,408000000.0,387000000.0,349000000.0,372000000.0
1_Income_Statement,Research & Development,951000000.0,885000000.0,862000000.0,840000000.0,815000000.0,785000000.0,774000000.0,760000000.0,790000000.0,784000000.0,797000000.0,808000000.0,775000000.0,747000000.0,760000000.0,704000000.0,587000000.0,558000000.0,493000000.0,488000000.0,515000000.0,483000000.0,493000000.0,584000000.0,645000000.0,608000000.0,755000000.0,3064000000.0,409000000.0,366000000.0,434000000.0,365000000.0,340000000.0
1_Income_Statement,Sales & Marketing,1326000000.0,1354000000.0,1277000000.0,1210000000.0,1057000000.0,1209000000.0,1096000000.0,1115000000.0,917000000.0,935000000.0,941000000.0,1218000000.0,1262000000.0,1122000000.0,1153000000.0,1218000000.0,1263000000.0,1262000000.0,1168000000.0,1256000000.0,1103000000.0,1038000000.0,924000000.0,736000000.0,885000000.0,1251000000.0,1113000000.0,1222000000.0,1040000000.0,974000000.0,785000000.0,715000000.0,677000000.0
1_Income_Statement,General & Administrative,798000000.0,732000000.0,1183000000.0,669000000.0,657000000.0,1114000000.0,630000000.0,686000000.0,1209000000.0,603000000.0,646000000.0,491000000.0,942000000.0,745000000.0,908000000.0,851000000.0,632000000.0,611000000.0,625000000.0,616000000.0,464000000.0,531000000.0,711000000.0,565000000.0,859000000.0,647000000.0,591000000.0,1638000000.0,423000000.0,555000000.0,460000000.0,638000000.0,429000000.0
1_Income_Statement,Amortization of Intangibles,59000000.0,68000000.0,72000000.0,,64000000.0,66000000.0,73000000.0,70000000.0,85000000.0,88000000.0,89000000.0,91000000.0,94000000.0,114000000.0,126000000.0,139000000.0,144000000.0,138000000.0,105000000.0,104000000.0,92000000.0,70000000.0,32000000.0,25000000.0,28000000.0,4000000.0,4000000.0,4000000.0,4000000.0,,,,
1_Income_Statement,"Depreciation, Depletion & Amortization",184000000.0,185000000.0,188000000.0,175000000.0,171000000.0,169000000.0,179000000.0,173000000.0,190000000.0,203000000.0,205000000.0,208000000.0,207000000.0,223000000.0,227000000.0,243000000.0,254000000.0,246000000.0,218000000.0,226000000.0,212000000.0,180000000.0,138000000.0,129000000.0,128000000.0,101000000.0,102000000.0,123000000.0,146000000.0,109000000.0,131000000.0,98000000.0,88000000.0
1_Income_Statement,Restructuring & Related Charges,,,,,,,,,,,,,,,,,,,,,,-14000000.0,-6000000.0,382000000.0,0.0,-45000000.0,45000000.0,,,0.0,0.0,,
1_Income_Statement,Impairment Charges,,,,,,,,,,,,,,,,,,100000000.0,0.0,0.0,16000000.0,32000000.0,50000000.0,104000000.0,193000000.0,0.0,0.0,0.0,0.0,,,,
1_Income_Statement,Total Costs and Expenses,11280000000.0,12592000000.0,12354000000.0,11201000000.0,10305000000.0,11189000000.0,10127000000.0,9904000000.0,9959000000.0,9284000000.0,8898000000.0,8904000000.0,9085000000.0,8749000000.0,8838000000.0,8786000000.0,7336000000.0,6328000000.0,5417000000.0,5117000000.0,4427000000.0,4042000000.0,3929000000.0,3520000000.0,4511000000.0,3893000000.0,4919000000.0,8651000000.0,4133000000.0,3190000000.0,3707000000.0,3507000000.0,3062000000.0
1_Income_Statement,Total Operating Expenses,4022000000.0,3911000000.0,4245000000.0,3590000000.0,3368000000.0,3955000000.0,3366000000.0,3416000000.0,3791000000.0,3227000000.0,3272000000.0,3389000000.0,3826000000.0,3442000000.0,3665000000.0,3633000000.0,3310000000.0,3224000000.0,2979000000.0,3018000000.0,2717000000.0,2601000000.0,2631000000.0,2596000000.0,3020000000.0,3113000000.0,3059000000.0,6911000000.0,2452000000.0,2412000000.0,2197000000.0,2165000000.0,1906000000.0
1_Income_Statement,Operating Income,1923000000.0,1774000000.0,1113000000.0,1450000000.0,1228000000.0,770000000.0,1061000000.0,796000000.0,172000000.0,652000000.0,394000000.0,326000000.0,-262000000.0,-142000000.0,-495000000.0,-713000000.0,-482000000.0,-550000000.0,-572000000.0,-1188000000.0,-1524000000.0,-877000000.0,-1116000000.0,-1607000000.0,-1263000000.0,-971000000.0,-1106000000.0,-5485000000.0,-1034000000.0,-1053000000.0,-763000000.0,-739000000.0,-478000000.0
1_Income_Statement,Interest Expense,108000000.0,115000000.0,112000000.0,108000000.0,105000000.0,117000000.0,143000000.0,139000000.0,124000000.0,142000000.0,151000000.0,148000000.0,154000000.0,151000000.0,146000000.0,139000000.0,129000000.0,130000000.0,123000000.0,115000000.0,115000000.0,118000000.0,112000000.0,110000000.0,118000000.0,101000000.0,90000000.0,151000000.0,217000000.0,195000000.0,161000000.0,160000000.0,132000000.0
1_Income_Statement,Interest Income,175000000.0,200000000.0,193000000.0,181000000.0,169000000.0,191000000.0,195000000.0,176000000.0,159000000.0,160000000.0,130000000.0,107000000.0,87000000.0,73000000.0,38000000.0,17000000.0,11000000.0,9000000.0,10000000.0,13000000.0,5000000.0,4000000.0,7000000.0,6000000.0,38000000.0,50000000.0,76000000.0,64000000.0,44000000.0,35000000.0,27000000.0,24000000.0,18000000.0
1_Income_Statement,Gain/Loss on Investments,,,,,,,,,,,,,,,,,,,,,,,,,,1000000.0,-13000000.0,-2000000.0,16000000.0,12000000.0,0.0,0.0,1984000000.0
1_Income_Statement,Equity Method Income,-20000000.0,-14000000.0,-14000000.0,-12000000.0,-13000000.0,-10000000.0,-12000000.0,-12000000.0,-4000000.0,5000000.0,3000000.0,4000000.0,36000000.0,42000000.0,30000000.0,17000000.0,18000000.0,-9000000.0,-13000000.0,-7000000.0,-8000000.0,-7000000.0,-8000000.0,-7000000.0,-12000000.0,-9000000.0,-9000000.0,-10000000.0,-6000000.0,-10000000.0,-15000000.0,-14000000.0,-3000000.0
1_Income_Statement,Other Income / (Expense),-1494000000.0,49000000.0,-10000000.0,-99000000.0,93000000.0,1119000000.0,-33000000.0,-6000000.0,48000000.0,1522000000.0,6000000.0,-147000000.0,-21000000.0,2000000.0,1000000.0,5000000.0,-7000000.0,-120000000.0,202000000.0,18000000.0,-17000000.0,8000000.0,38000000.0,-5000000.0,18000000.0,4000000.0,-22000000.0,16000000.0,26000000.0,7000000.0,19000000.0,71000000.0,128000000.0
1_Income_Statement,Total Non-operating Income,,,1619000000.0,162000000.0,262000000.0,256000000.0,1851000000.0,420000000.0,-678000000.0,1331000000.0,-52000000.0,273000000.0,292000000.0,767000000.0,-535000000.0,-1704000000.0,-5557000000.0,1471000000.0,-1832000000.0,1943000000.0,1710000000.0,63000000.0,151000000.0,-44000000.0,-1795000000.0,15000000.0,49000000.0,398000000.0,260000000.0,47000000.0,-54000000.0,63000000.0,4937000000.0
1_Income_Statement,Pretax Income: Other Adjustments,20000000.0,-1483000000.0,-112000000.0,92000000.0,13000000.0,-117000000.0,-143000000.0,-139000000.0,-124000000.0,-155000000.0,-166000000.0,-144000000.0,-168000000.0,-151000000.0,-146000000.0,-139000000.0,-129000000.0,-130000000.0,-123000000.0,-115000000.0,-115000000.0,58000000.0,-112000000.0,-38000000.0,-118000000.0,-31000000.0,17000000.0,-151000000.0,180000000.0,3000000.0,-85000000.0,-18000000.0,-132000000.0
1_Income_Statement,Income Tax Expense,194000000.0,-40000000.0,-4046000000.0,142000000.0,-402000000.0,-6002000000.0,158000000.0,57000000.0,29000000.0,133000000.0,-40000000.0,65000000.0,55000000.0,-84000000.0,58000000.0,77000000.0,-232000000.0,-97000000.0,-101000000.0,-479000000.0,185000000.0,23000000.0,23000000.0,4000000.0,-242000000.0,25000000.0,3000000.0,-2000000.0,19000000.0,-322000000.0,1000000.0,28000000.0,576000000.0
1_Income_Statement,Pretax Income,496000000.0,291000000.0,2620000000.0,1504000000.0,1385000000.0,909000000.0,2769000000.0,1077000000.0,-630000000.0,1828000000.0,176000000.0,455000000.0,-138000000.0,474000000.0,-1176000000.0,-2556000000.0,-6168000000.0,791000000.0,-2527000000.0,640000000.0,71000000.0,-932000000.0,-1077000000.0,-1761000000.0,-3176000000.0,-1057000000.0,-1147000000.0,-5238000000.0,-991000000.0,-1201000000.0,-978000000.0,-836000000.0,4327000000.0
1_Income_Statement,Net Income,263000000.0,296000000.0,6626000000.0,1355000000.0,1776000000.0,6883000000.0,2612000000.0,1015000000.0,-654000000.0,1429000000.0,221000000.0,394000000.0,-157000000.0,595000000.0,-1206000000.0,-2601000000.0,-5930000000.0,892000000.0,-2424000000.0,1144000000.0,-108000000.0,-969000000.0,-1089000000.0,-1775000000.0,-2936000000.0,-1096000000.0,-1162000000.0,-5236000000.0,-1012000000.0,-887000000.0,-986000000.0,-878000000.0,3748000000.0
1_Income_Statement,Net Income to Noncontrolling Interest,19000000.0,21000000.0,26000000.0,-5000000.0,-2000000.0,18000000.0,-13000000.0,-7000000.0,-9000000.0,271000000.0,-2000000.0,0.0,0.0,5000000.0,2000000.0,-15000000.0,12000000.0,-13000000.0,-15000000.0,-32000000.0,-14000000.0,7000000.0,-19000000.0,3000000.0,-10000000.0,5000000.0,3000000.0,-10000000.0,-4000000.0,-2000000.0,-8000000.0,,
1_Income_Statement,EPS Basic,0.13,0.1419492023270078,3.18,0.65,0.85,3.2860658015221986,1.24,0.49,-0.31,0.7019867354472844,0.11,0.19,-0.08,0.30170409572183593,-0.61,-1.32,-3.03,0.471322757808793,-1.28,0.61,-0.06,-0.5527792990142387,-0.62,-1.02,-1.7,-0.8779567958742439,-0.68,-4.72,-2.23,-2.000595442160914,-2.21,-1.99,2.0
1_Income_Statement,EPS Diluted,0.13,0.13964312689267153,3.11,0.63,0.83,3.2006391048068643,1.2,0.47,-0.32,0.683149582509076,0.1,0.18,-0.08,0.30127680604052404,-0.61,-1.33,-3.04,0.470583518287076,-1.28,0.58,-0.06,-0.5527792990142387,-0.62,-1.02,-1.7,-0.8779567958742439,-0.68,-4.72,-2.26,-1.8517783961970693,-2.21,-2.01,1.84
1_Income_Statement,Shares Outstanding Basic,2052187000.0,2085253000.0,2084180000.0,2091106000.0,2092464000.0,2094602000.0,2101660000.0,2092180000.0,2078467000.0,2035651000.0,2044688000.0,2026813000.0,2009557000.0,1972131000.0,1979299000.0,1964304000.0,1953989000.0,1892546000.0,1898954000.0,1875156000.0,1858525000.0,1752960000.0,1755029000.0,1738897000.0,1724367000.0,1248353000.0,1700213000.0,1110704000.0,453543000.0,443368000.0,445783000.0,440958000.0,437065000.0
1_Income_Statement,Shares Outstanding Diluted,2071391000.0,2119689000.0,2124391000.0,2125628000.0,2122618000.0,2150508000.0,2154466000.0,2150019000.0,2080168000.0,2091782000.0,2108479000.0,2079265000.0,2009557000.0,1974928000.0,1979299000.0,1968882000.0,1957731000.0,1895519000.0,1898954000.0,1955975000.0,1858525000.0,1752960000.0,1755029000.0,1738897000.0,1724367000.0,1248353000.0,1700213000.0,1110704000.0,453619000.0,478999000.0,445783000.0,441408000.0,475153000.0
2_Balance_Sheet,Cash & Equivalents,5558000000.0,7105000000.0,8432000000.0,6438000000.0,5132000000.0,8610000000.0,6150000000.0,4497000000.0,5019000000.0,4680000000.0,4448000000.0,4995000000.0,4045000000.0,6677000000.0,4865000000.0,4397000000.0,4184000000.0,7805000000.0,6482000000.0,4443000000.0,4836000000.0,5647000000.0,6154000000.0,6754000000.0,8165000000.0,10873000000.0,12650000000.0,11744000000.0,5745000000.0,6406000000.0,4756000000.0,5647000000.0,4716000000.0
2_Balance_Sheet,Restricted Cash,680000000.0,631000000.0,477000000.0,1191000000.0,1253000000.0,545000000.0,933000000.0,776000000.0,808000000.0,805000000.0,833000000.0,909000000.0,897000000.0,680000000.0,593000000.0,526000000.0,543000000.0,631000000.0,414000000.0,324000000.0,247000000.0,250000000.0,218000000.0,123000000.0,193000000.0,99000000.0,33000000.0,137000000.0,136000000.0,67000000.0,214000000.0,118000000.0,117000000.0
2_Balance_Sheet,Short-term Investments,533000000.0,528000000.0,654000000.0,932000000.0,894000000.0,1084000000.0,2913000000.0,1795000000.0,744000000.0,727000000.0,725000000.0,538000000.0,121000000.0,103000000.0,,,,0.0,0.0,560000000.0,819000000.0,1180000000.0,1132000000.0,1033000000.0,831000000.0,440000000.0,,,,0.0,,,
2_Balance_Sheet,Marketable Securities And Equities,9840000000.0,10314000000.0,10624000000.0,10365000000.0,8384000000.0,8558000000.0,10158000000.0,,,,,,,,,,5811000000.0,11359000000.0,2281000000.0,2281000000.0,2281000000.0,2281000000.0,2281000000.0,2281000000.0,2281000000.0,2279000000.0,2453000000.0,2368000000.0,2305000000.0,2370000000.0,,,
2_Balance_Sheet,Accounts Receivable,3895000000.0,3827000000.0,3773000000.0,3769000000.0,3489000000.0,3333000000.0,3719000000.0,3783000000.0,3708000000.0,3404000000.0,3000000000.0,2576000000.0,2571000000.0,2779000000.0,2468000000.0,2459000000.0,2476000000.0,2439000000.0,1333000000.0,1201000000.0,1075000000.0,1073000000.0,773000000.0,604000000.0,683000000.0,1214000000.0,1154000000.0,1290000000.0,1074000000.0,919000000.0,,,
2_Balance_Sheet,Prepaid Expenses,2157000000.0,1902000000.0,1803000000.0,1777000000.0,1582000000.0,1390000000.0,1616000000.0,1632000000.0,1795000000.0,1681000000.0,1673000000.0,1646000000.0,1562000000.0,1479000000.0,1442000000.0,1369000000.0,1462000000.0,1454000000.0,1455000000.0,1255000000.0,1318000000.0,1215000000.0,1135000000.0,1148000000.0,1242000000.0,1299000000.0,1316000000.0,1129000000.0,975000000.0,860000000.0,,,
2_Balance_Sheet,Total Current Assets,12823000000.0,13993000000.0,15139000000.0,14107000000.0,12350000000.0,12245000000.0,15331000000.0,12483000000.0,12074000000.0,11297000000.0,10679000000.0,10664000000.0,9196000000.0,9249000000.0,9368000000.0,8751000000.0,8665000000.0,8819000000.0,9684000000.0,7783000000.0,8295000000.0,9882000000.0,9412000000.0,9662000000.0,11114000000.0,13925000000.0,15153000000.0,14300000000.0,7930000000.0,8658000000.0,,,
2_Balance_Sheet,"Property, Plant & Equipment",1842000000.0,1897000000.0,1930000000.0,1948000000.0,1941000000.0,1952000000.0,1982000000.0,2034000000.0,2033000000.0,2073000000.0,2100000000.0,2116000000.0,2142000000.0,2082000000.0,1942000000.0,1861000000.0,1853000000.0,1853000000.0,1781000000.0,1776000000.0,1757000000.0,1814000000.0,1883000000.0,1846000000.0,1851000000.0,1731000000.0,1537000000.0,1447000000.0,1325000000.0,1641000000.0,,,
2_Balance_Sheet,Operating Lease ROU Asset,1458000000.0,1114000000.0,1126000000.0,1153000000.0,1162000000.0,1158000000.0,1190000000.0,1181000000.0,1216000000.0,1241000000.0,1259000000.0,1295000000.0,1335000000.0,1449000000.0,1405000000.0,1481000000.0,1439000000.0,1388000000.0,1218000000.0,1238000000.0,1267000000.0,1274000000.0,1327000000.0,1441000000.0,1589000000.0,1594000000.0,1538000000.0,1337000000.0,1323000000.0,,,,
2_Balance_Sheet,Long-term Investments,,,,,,,,,,,,,,,,,,,,,,,,,,,10412000000.0,10415000000.0,10396000000.0,10355000000.0,,,
2_Balance_Sheet,"Deferred Income Tax Assets, Net",10844000000.0,10951000000.0,10710000000.0,6524000000.0,6592000000.0,6171000000.0,,,,170000000.0,,,,,,,,,,,,,,,,,,,,,,,
2_Balance_Sheet,Other Non-Current Assets,3734000000.0,3618000000.0,3317000000.0,3263000000.0,2973000000.0,2574000000.0,2629000000.0,2254000000.0,1942000000.0,1590000000.0,1591000000.0,704000000.0,554000000.0,518000000.0,384000000.0,406000000.0,415000000.0,397000000.0,372000000.0,346000000.0,332000000.0,124000000.0,123000000.0,120000000.0,146000000.0,88000000.0,60000000.0,57000000.0,64000000.0,51000000.0,,,
2_Balance_Sheet,Intangible Assets (Net),990000000.0,1048000000.0,1104000000.0,1187000000.0,1065000000.0,1125000000.0,1192000000.0,1265000000.0,1335000000.0,1425000000.0,1511000000.0,1607000000.0,1766000000.0,1874000000.0,1992000000.0,2122000000.0,2269000000.0,2412000000.0,1278000000.0,1378000000.0,1455000000.0,1564000000.0,654000000.0,533000000.0,560000000.0,71000000.0,74000000.0,78000000.0,78000000.0,82000000.0,,,
2_Balance_Sheet,Goodwill,8919000000.0,8931000000.0,8917000000.0,8907000000.0,8069000000.0,8066000000.0,8086000000.0,8083000000.0,8089000000.0,8151000000.0,8140000000.0,8151000000.0,8185000000.0,8263000000.0,8300000000.0,8359000000.0,8435000000.0,8420000000.0,6447000000.0,6448000000.0,6352000000.0,6109000000.0,2988000000.0,2518000000.0,2566000000.0,167000000.0,167000000.0,167000000.0,153000000.0,153000000.0,,,
2_Balance_Sheet,Total Assets,59885000000.0,61802000000.0,63344000000.0,55982000000.0,52822000000.0,51244000000.0,47117000000.0,41514000000.0,39599000000.0,38699000000.0,35949000000.0,34068000000.0,32451000000.0,32109000000.0,31112000000.0,31014000000.0,32812000000.0,38774000000.0,36884000000.0,36251000000.0,34655000000.0,33252000000.0,28894000000.0,28240000000.0,30090000000.0,31761000000.0,32292000000.0,30980000000.0,24390000000.0,23988000000.0,,,
2_Balance_Sheet,Accounts Payable,1189000000.0,1013000000.0,1119000000.0,1022000000.0,873000000.0,858000000.0,802000000.0,752000000.0,833000000.0,790000000.0,799000000.0,694000000.0,712000000.0,728000000.0,774000000.0,810000000.0,862000000.0,860000000.0,310000000.0,429000000.0,232000000.0,235000000.0,240000000.0,253000000.0,215000000.0,272000000.0,126000000.0,167000000.0,151000000.0,150000000.0,,,
2_Balance_Sheet,"Insurance Reserve, Current",3467000000.0,3387000000.0,3268000000.0,3107000000.0,2873000000.0,2754000000.0,2523000000.0,2387000000.0,2082000000.0,2077000000.0,1823000000.0,1729000000.0,1658000000.0,1692000000.0,1433000000.0,1449000000.0,1415000000.0,1442000000.0,1379000000.0,1221000000.0,1216000000.0,1243000000.0,1289000000.0,1248000000.0,1073000000.0,1121000000.0,1023000000.0,977000000.0,961000000.0,941000000.0,,,
2_Balance_Sheet,Accrued Expenses,,,,,,,7332000000.0,6981000000.0,6894000000.0,6397000000.0,6609000000.0,6033000000.0,6120000000.0,6232000000.0,6624000000.0,6471000000.0,6166000000.0,6537000000.0,6269000000.0,5857000000.0,5669000000.0,5112000000.0,5217000000.0,4202000000.0,5138000000.0,4050000000.0,4026000000.0,4246000000.0,3424000000.0,3157000000.0,,,
2_Balance_Sheet,Accrued Employee Liabilities,,,,,,,,,,,,,,,462000000.0,,,442000000.0,,,,325000000.0,357000000.0,331000000.0,208000000.0,403000000.0,352000000.0,282000000.0,151000000.0,261000000.0,,,
2_Balance_Sheet,Deferred Revenue,,,,,,,,,,122000000.0,128000000.0,119000000.0,125000000.0,133000000.0,141000000.0,150000000.0,155000000.0,167000000.0,195000000.0,192000000.0,220000000.0,,121000000.0,78000000.0,104000000.0,76000000.0,,,,65000000.0,,,
2_Balance_Sheet,Operating Lease Liability (Current),195000000.0,169000000.0,163000000.0,176000000.0,177000000.0,175000000.0,178000000.0,198000000.0,184000000.0,190000000.0,174000000.0,179000000.0,193000000.0,201000000.0,189000000.0,215000000.0,209000000.0,185000000.0,168000000.0,177000000.0,171000000.0,175000000.0,175000000.0,188000000.0,205000000.0,196000000.0,197000000.0,180000000.0,178000000.0,,,,
2_Balance_Sheet,Short-term Borrowings,0.0,0.0,0.0,0.0,,,,,,,,,,,,,,,,,,,,,,,,,,,,,
2_Balance_Sheet,Current Portion of Long-term Debt,,0.0,1150000000.0,1150000000.0,1150000000.0,1150000000.0,500000000.0,25000000.0,25000000.0,25000000.0,25000000.0,25000000.0,25000000.0,27000000.0,27000000.0,27000000.0,27000000.0,27000000.0,27000000.0,27000000.0,27000000.0,27000000.0,527000000.0,27000000.0,27000000.0,27000000.0,27000000.0,27000000.0,27000000.0,27000000.0,,,
2_Balance_Sheet,Finance Lease Liability (Current),,138000000.0,,,,136000000.0,,,,156000000.0,,,,115000000.0,,,,191000000.0,,,,177000000.0,181000000.0,166000000.0,167000000.0,165000000.0,130000000.0,133000000.0,115000000.0,,,,
2_Balance_Sheet,Total Current Liabilities,11993000000.0,12320000000.0,13121000000.0,12686000000.0,12113000000.0,11476000000.0,10835000000.0,10318000000.0,9993000000.0,9454000000.0,9405000000.0,8635000000.0,8683000000.0,8853000000.0,9020000000.0,8945000000.0,8652000000.0,9024000000.0,8126000000.0,7684000000.0,7288000000.0,6865000000.0,6921000000.0,5891000000.0,6631000000.0,5639000000.0,5372000000.0,5570000000.0,4714000000.0,4259000000.0,,,
2_Balance_Sheet,"Insurance Reserve, Noncurrent",9437000000.0,9076000000.0,8611000000.0,8183000000.0,7599000000.0,7042000000.0,6623000000.0,5733000000.0,5346000000.0,4909000000.0,4337000000.0,3931000000.0,3412000000.0,3028000000.0,3036000000.0,2865000000.0,2709000000.0,2546000000.0,2577000000.0,2268000000.0,2224000000.0,2223000000.0,2113000000.0,2161000000.0,2421000000.0,2297000000.0,2271000000.0,2217000000.0,2137000000.0,1996000000.0,,,
2_Balance_Sheet,Long-term Debt,10514000000.0,10521000000.0,10615000000.0,9578000000.0,8350000000.0,8347000000.0,10986000000.0,9454000000.0,9457000000.0,9459000000.0,9252000000.0,9255000000.0,9257000000.0,9265000000.0,9268000000.0,9271000000.0,9273000000.0,9276000000.0,9279000000.0,7798000000.0,7801000000.0,7560000000.0,6667000000.0,6691000000.0,5703000000.0,5707000000.0,5711000000.0,4526000000.0,6939000000.0,6869000000.0,,,
2_Balance_Sheet,Other Non-Current Liabilities,419000000.0,412000000.0,430000000.0,467000000.0,408000000.0,449000000.0,638000000.0,734000000.0,784000000.0,3345000000.0,871000000.0,822000000.0,798000000.0,3513000000.0,762000000.0,659000000.0,679000000.0,2657000000.0,1129000000.0,1244000000.0,1740000000.0,2293000000.0,1484000000.0,1451000000.0,1498000000.0,1797000000.0,1428000000.0,1485000000.0,3587000000.0,4072000000.0,,,
2_Balance_Sheet,Operating Lease Liability (Non-current),1710000000.0,1390000000.0,1412000000.0,1438000000.0,1447000000.0,1454000000.0,1496000000.0,1492000000.0,1520000000.0,1550000000.0,1565000000.0,1597000000.0,1629000000.0,1673000000.0,1626000000.0,1711000000.0,1681000000.0,1644000000.0,1488000000.0,1513000000.0,1531000000.0,1544000000.0,1527000000.0,1525000000.0,1519000000.0,1523000000.0,1459000000.0,1274000000.0,1225000000.0,,,,
2_Balance_Sheet,Finance Lease Liability (Non-current),,84000000.0,,,,174000000.0,,,,322000000.0,,,,284000000.0,,,,43000000.0,,,,120000000.0,,,,143000000.0,,,,,,,
2_Balance_Sheet,Total Liabilities,34073000000.0,33719000000.0,34189000000.0,32352000000.0,29917000000.0,28768000000.0,30578000000.0,27731000000.0,27100000000.0,26017000000.0,25430000000.0,24240000000.0,23779000000.0,23605000000.0,23712000000.0,23451000000.0,22994000000.0,23425000000.0,22599000000.0,20507000000.0,20584000000.0,19498000000.0,18712000000.0,17719000000.0,17772000000.0,16578000000.0,16241000000.0,15072000000.0,18602000000.0,17196000000.0,,,
2_Balance_Sheet,"Redeemable Noncontrolling Interest, Equity, Carrying Amount",171000000.0,165000000.0,158000000.0,183000000.0,93000000.0,93000000.0,946000000.0,631000000.0,651000000.0,654000000.0,394000000.0,408000000.0,419000000.0,430000000.0,430000000.0,194000000.0,205000000.0,204000000.0,229000000.0,1569000000.0,473000000.0,787000000.0,549000000.0,282000000.0,290000000.0,311000000.0,309000000.0,-14000000.0,-4000000.0,0.0,,,
2_Balance_Sheet,"Temporary Equity, Carrying Amount, Attributable to Parent",,,,,,,,,,,,,,,,,,,,,,,,,,0.0,0.0,0.0,14224000000.0,14177000000.0,,,
2_Balance_Sheet,Common Stock,0.0,0.0,0.0,0.0,0.0,0.0,0.0,0.0,0.0,0.0,0.0,0.0,0.0,0.0,0.0,0.0,0.0,0.0,0.0,0.0,0.0,0.0,0.0,0.0,0.0,0.0,0.0,0.0,0.0,0.0,,,
2_Balance_Sheet,Additional Paid-In Capital,35527000000.0,38101000000.0,39499000000.0,40625000000.0,41406000000.0,42801000000.0,42825000000.0,43062000000.0,42743000000.0,42264000000.0,42147000000.0,41637000000.0,41030000000.0,40550000000.0,40020000000.0,39523000000.0,38977000000.0,38608000000.0,37281000000.0,35588000000.0,36182000000.0,35931000000.0,31549000000.0,31267000000.0,31035000000.0,30739000000.0,30513000000.0,30193000000.0,682000000.0,668000000.0,,,
2_Balance_Sheet,Comprehensive Income,-421000000.0,-432000000.0,-430000000.0,-435000000.0,-485000000.0,-517000000.0,-424000000.0,-479000000.0,-437000000.0,-421000000.0,-480000000.0,-443000000.0,-598000000.0,-443000000.0,-410000000.0,-705000000.0,-505000000.0,-524000000.0,1168000000.0,681000000.0,654000000.0,-535000000.0,-445000000.0,-644000000.0,-395000000.0,-187000000.0,-185000000.0,-167000000.0,-246000000.0,-188000000.0,,,
2_Balance_Sheet,Retained Earnings,-10355000000.0,-10628000000.0,-10935000000.0,-17592000000.0,-18946000000.0,-20726000000.0,-27621000000.0,-30233000000.0,-31248000000.0,-30594000000.0,-32309000000.0,-32530000000.0,-32924000000.0,-32767000000.0,-33363000000.0,-32157000000.0,-29556000000.0,-23626000000.0,-24518000000.0,-22094000000.0,-23238000000.0,-23130000000.0,-22162000000.0,-21073000000.0,-19298000000.0,-16362000000.0,-15266000000.0,-14104000000.0,-8868000000.0,-7865000000.0,,,
2_Balance_Sheet,Nonredeemable Noncontrolling Interest,890000000.0,877000000.0,863000000.0,849000000.0,837000000.0,825000000.0,813000000.0,802000000.0,790000000.0,779000000.0,767000000.0,756000000.0,745000000.0,734000000.0,723000000.0,708000000.0,697000000.0,687000000.0,125000000.0,0.0,0.0,701000000.0,691000000.0,689000000.0,686000000.0,682000000.0,680000000.0,,,0.0,,,
2_Balance_Sheet,Total Equity,25641000000.0,27918000000.0,28997000000.0,23447000000.0,22812000000.0,22383000000.0,15593000000.0,13152000000.0,11848000000.0,12028000000.0,10125000000.0,9420000000.0,8253000000.0,8074000000.0,6970000000.0,7369000000.0,9613000000.0,15145000000.0,14056000000.0,14175000000.0,13598000000.0,12967000000.0,9633000000.0,10239000000.0,12028000000.0,14872000000.0,15742000000.0,15922000000.0,-8432000000.0,-7385000000.0,-6542000000.0,-5508000000.0,-4726000000.0
3_Cash_Flow,Net Income (CF),263000000.0,296000000.0,6626000000.0,1355000000.0,1776000000.0,6883000000.0,2612000000.0,1015000000.0,-654000000.0,1429000000.0,221000000.0,394000000.0,-157000000.0,595000000.0,-1206000000.0,-2601000000.0,-5930000000.0,892000000.0,-2424000000.0,1144000000.0,-108000000.0,-969000000.0,-1089000000.0,-1775000000.0,-2936000000.0,-1096000000.0,-1162000000.0,-5236000000.0,-1012000000.0,-887000000.0,-986000000.0,-878000000.0,3748000000.0
3_Cash_Flow,Depreciation & Amortization,59000000.0,397000000.0,72000000.0,,64000000.0,398000000.0,73000000.0,70000000.0,85000000.0,443000000.0,89000000.0,91000000.0,94000000.0,460000000.0,126000000.0,139000000.0,144000000.0,531000000.0,105000000.0,104000000.0,92000000.0,434000000.0,32000000.0,25000000.0,28000000.0,437000000.0,92000000.0,115000000.0,137000000.0,120000000.0,120000000.0,92000000.0,82000000.0
3_Cash_Flow,Amortization of Intangibles (CF),59000000.0,68000000.0,72000000.0,,64000000.0,66000000.0,73000000.0,70000000.0,85000000.0,88000000.0,89000000.0,91000000.0,94000000.0,114000000.0,126000000.0,139000000.0,144000000.0,138000000.0,105000000.0,104000000.0,92000000.0,70000000.0,32000000.0,25000000.0,28000000.0,4000000.0,4000000.0,4000000.0,4000000.0,,,,
3_Cash_Flow,Depreciation and Amortization Including Amount From Other Income (Expense),191000000.0,193000000.0,195000000.0,181000000.0,178000000.0,176000000.0,186000000.0,181000000.0,194000000.0,,,,,,,,,,,,,,,,,,,,,,,,
3_Cash_Flow,Stock-Based Compensation,473000000.0,451000000.0,465000000.0,475000000.0,435000000.0,419000000.0,438000000.0,455000000.0,484000000.0,469000000.0,492000000.0,504000000.0,470000000.0,482000000.0,482000000.0,470000000.0,359000000.0,334000000.0,281000000.0,272000000.0,281000000.0,236000000.0,183000000.0,131000000.0,277000000.0,243000000.0,401000000.0,3941000000.0,11000000.0,25000000.0,64000000.0,20000000.0,63000000.0
3_Cash_Flow,Deferred Income Taxes,106000000.0,-287000000.0,-4167000000.0,87000000.0,-412000000.0,-6128000000.0,124000000.0,-7000000.0,-16000000.0,-6000000.0,16000000.0,6000000.0,10000000.0,-190000000.0,16000000.0,14000000.0,-281000000.0,-210000000.0,-115000000.0,-487000000.0,120000000.0,6000000.0,10000000.0,-9000000.0,-273000000.0,-33000000.0,-24000000.0,-35000000.0,4000000.0,-385000000.0,-50000000.0,-16000000.0,486000000.0
3_Cash_Flow,Gain/Loss on Investments (CF),-1474000000.0,-1602000000.0,1471000000.0,-17000000.0,51000000.0,556000000.0,1664000000.0,333000000.0,-721000000.0,1000000000.0,-96000000.0,386000000.0,320000000.0,752000000.0,-550000000.0,-1677000000.0,-5570000000.0,1198000000.0,-2031000000.0,1912000000.0,63000000.0,-2000000.0,-7000000.0,-2000000.0,-114000000.0,1000000.0,-13000000.0,-2000000.0,16000000.0,12000000.0,0.0,0.0,1984000000.0
3_Cash_Flow,Other Non-Cash Items,-20000000.0,-103000000.0,16000000.0,-106000000.0,27000000.0,-281000000.0,7000000.0,58000000.0,29000000.0,23000000.0,35000000.0,-6000000.0,-4000000.0,3000000.0,-7000000.0,7000000.0,-5000000.0,46000000.0,12000000.0,3000000.0,-65000000.0,-5000000.0,28000000.0,-15000000.0,-10000000.0,-12000000.0,-7000000.0,6000000.0,-2000000.0,6000000.0,-1000000.0,-3000000.0,-3000000.0
3_Cash_Flow,Change in AR,74000000.0,109000000.0,22000000.0,212000000.0,123000000.0,-246000000.0,-196000000.0,162000000.0,422000000.0,395000000.0,518000000.0,13000000.0,-168000000.0,323000000.0,90000000.0,103000000.0,26000000.0,243000000.0,205000000.0,114000000.0,35000000.0,238000000.0,137000000.0,-73000000.0,-444000000.0,65000000.0,-94000000.0,226000000.0,210000000.0,-80000000.0,338000000.0,17000000.0,4000000.0
3_Cash_Flow,Change in Deferred Revenue,,,,,,,,,,,,,,,,,,,,,,,,,,-13000000.0,-13000000.0,-13000000.0,-13000000.0,0.0,0.0,0.0,0.0
3_Cash_Flow,Change in Prepaid & Other Assets,212000000.0,154000000.0,126000000.0,251000000.0,497000000.0,30000000.0,234000000.0,108000000.0,322000000.0,281000000.0,948000000.0,114000000.0,119000000.0,139000000.0,115000000.0,-78000000.0,20000000.0,7000000.0,220000000.0,-58000000.0,67000000.0,65000000.0,-18000000.0,-112000000.0,-29000000.0,11000000.0,200000000.0,151000000.0,116000000.0,52000000.0,109000000.0,137000000.0,175000000.0
3_Cash_Flow,Change in AP,184000000.0,-106000000.0,101000000.0,125000000.0,6000000.0,62000000.0,48000000.0,-70000000.0,46000000.0,-22000000.0,112000000.0,-19000000.0,-7000000.0,-53000000.0,-35000000.0,-53000000.0,8000000.0,19000000.0,-114000000.0,188000000.0,-3000000.0,-99000000.0,-24000000.0,36000000.0,-46000000.0,118000000.0,-32000000.0,9000000.0,0.0,27000000.0,-14000000.0,14000000.0,-66000000.0
3_Cash_Flow,Increase (Decrease) In Insurance Reserve,443000000.0,581000000.0,592000000.0,812000000.0,675000000.0,658000000.0,790000000.0,675000000.0,696000000.0,614000000.0,678000000.0,588000000.0,350000000.0,245000000.0,159000000.0,192000000.0,134000000.0,26000000.0,469000000.0,48000000.0,-27000000.0,13000000.0,-8000000.0,-85000000.0,77000000.0,125000000.0,99000000.0,96000000.0,161000000.0,180000000.0,247000000.0,256000000.0,260000000.0
3_Cash_Flow,Change in Accrued Expenses,-541000000.0,446000000.0,111000000.0,-20000000.0,430000000.0,-158000000.0,-257000000.0,158000000.0,587000000.0,-254000000.0,563000000.0,-87000000.0,-142000000.0,-399000000.0,483000000.0,486000000.0,-72000000.0,177000000.0,129000000.0,206000000.0,556000000.0,6000000.0,414000000.0,-17000000.0,-320000000.0,-37000000.0,-195000000.0,822000000.0,370000000.0,17000000.0,367000000.0,280000000.0,74000000.0
3_Cash_Flow,Other Operating Adjustments (Net),142000000.0,332000000.0,184000000.0,-111000000.0,62000000.0,347000000.0,53000000.0,205000000.0,275000000.0,998000000.0,448000000.0,469000000.0,517000000.0,840000000.0,432000000.0,520000000.0,537000000.0,784000000.0,254000000.0,413000000.0,407000000.0,774000000.0,372000000.0,386000000.0,394000000.0,586000000.0,218000000.0,301000000.0,366000000.0,337000000.0,390000000.0,382000000.0,262000000.0
3_Cash_Flow,Operating Cash Flow,2351000000.0,2883000000.0,2328000000.0,2564000000.0,2324000000.0,1750000000.0,2151000000.0,1820000000.0,1416000000.0,823000000.0,966000000.0,1190000000.0,606000000.0,-244000000.0,432000000.0,439000000.0,15000000.0,-107000000.0,614000000.0,-341000000.0,-611000000.0,-805000000.0,-406000000.0,-1071000000.0,-463000000.0,-1799000000.0,-878000000.0,-922000000.0,-722000000.0,-681000000.0,-410000000.0,-153000000.0,-297000000.0
3_Cash_Flow,Capital Expenditures,65000000.0,75000000.0,98000000.0,89000000.0,74000000.0,44000000.0,42000000.0,99000000.0,57000000.0,55000000.0,61000000.0,50000000.0,57000000.0,59000000.0,74000000.0,57000000.0,62000000.0,80000000.0,90000000.0,57000000.0,71000000.0,123000000.0,131000000.0,164000000.0,198000000.0,182000000.0,129000000.0,148000000.0,129000000.0,196000000.0,153000000.0,119000000.0,90000000.0
3_Cash_Flow,Payments to Acquire Notes Receivable,187000000.0,,,,40000000.0,,,,,,,,,0.0,0.0,0.0,0.0,55000000.0,24000000.0,2000000.0,216000000.0,100000000.0,0.0,85000000.0,0.0,0.0,0.0,,,,,,
3_Cash_Flow,Acquisitions,6000000.0,11000000.0,0.0,804000000.0,0.0,0.0,0.0,,,0.0,0.0,0.0,0.0,0.0,0.0,0.0,59000000.0,2203000000.0,31000000.0,52000000.0,28000000.0,-65000000.0,190000000.0,0.0,1346000000.0,0.0,0.0,7000000.0,0.0,0.0,0.0,,
3_Cash_Flow,Purchases of Investments,6759000000.0,7502000000.0,6310000000.0,5095000000.0,2540000000.0,3020000000.0,4428000000.0,3288000000.0,2029000000.0,2844000000.0,3723000000.0,1361000000.0,846000000.0,1708000000.0,0.0,0.0,0.0,125000000.0,0.0,54000000.0,803000000.0,0.0,0.0,,493000000.0,100000000.0,0.0,0.0,0.0,,,,
3_Cash_Flow,Proceeds from Investments,6546000000.0,6499000000.0,6514000000.0,4636000000.0,2397000000.0,4437000000.0,1916000000.0,1821000000.0,2030000000.0,2076000000.0,1366000000.0,1127000000.0,500000000.0,0.0,376000000.0,0.0,0.0,0.0,1148000000.0,447000000.0,696000000.0,559000000.0,379000000.0,322000000.0,100000000.0,2000000.0,0.0,0.0,0.0,,,,
3_Cash_Flow,Proceeds from Asset Sales,,135000000.0,,137000000.0,106000000.0,,82000000.0,52000000.0,12000000.0,,,11000000.0,,2000000.0,7000000.0,,1000000.0,5000000.0,0.0,,,,,9000000.0,1000000.0,10000000.0,0.0,1000000.0,40000000.0,40000000.0,99000000.0,92000000.0,138000000.0
3_Cash_Flow,Divestitures,,,,,,,,,,,,,,0.0,0.0,0.0,0.0,0.0,0.0,0.0,1018000000.0,0.0,0.0,0.0,0.0,0.0,0.0,0.0,293000000.0,0.0,0.0,0.0,0.0
3_Cash_Flow,Other Investing Adjustments (Net),-302000000.0,-660000000.0,-53000000.0,-246000000.0,-391000000.0,60000000.0,-220000000.0,-162000000.0,-198000000.0,4000000.0,2000000.0,681000000.0,4000000.0,-4000000.0,12000000.0,3000000.0,-15000000.0,190000000.0,213000000.0,-181000000.0,-846000000.0,-593000000.0,-423000000.0,-538000000.0,80000000.0,-441000000.0,0.0,0.0,0.0,0.0,-19000000.0,-64000000.0,-423000000.0
3_Cash_Flow,Investing Cash Flow,-773000000.0,-1614000000.0,53000000.0,-1461000000.0,-542000000.0,1433000000.0,-2692000000.0,-1676000000.0,-242000000.0,-819000000.0,-2416000000.0,408000000.0,-399000000.0,-1769000000.0,321000000.0,-54000000.0,-135000000.0,-2268000000.0,1216000000.0,101000000.0,-250000000.0,-192000000.0,-365000000.0,-456000000.0,-1856000000.0,-711000000.0,-129000000.0,-154000000.0,204000000.0,-156000000.0,-73000000.0,-91000000.0,-375000000.0
3_Cash_Flow,Long-term Debt Issued,,,2232000000.0,,,,3972000000.0,0.0,0.0,,0.0,0.0,1121000000.0,,0.0,0.0,0.0,,1485000000.0,,,,500000000.0,,,0.0,1189000000.0,,,1988000000.0,0.0,,
3_Cash_Flow,Long-term Debt Repaid,40000000.0,1150000000.0,1200000000.0,0.0,0.0,2000000000.0,1973000000.0,7000000.0,6000000.0,1525000000.0,6000000.0,7000000.0,1137000000.0,37000000.0,39000000.0,46000000.0,62000000.0,60000000.0,58000000.0,61000000.0,47000000.0,49000000.0,56000000.0,59000000.0,60000000.0,18000000.0,48000000.0,31000000.0,41000000.0,7000000.0,6000000.0,3000000.0,3000000.0
3_Cash_Flow,Net Long-Term Debt Issued (Repaid),-40000000.0,,,,,,,,,,,,,-37000000.0,-39000000.0,-46000000.0,-62000000.0,,,,,,,,,,,,,1981000000.0,-6000000.0,,
3_Cash_Flow,Total Debt Issued,,,,,,,,,,,,,,,0.0,0.0,0.0,,,,,,,,,0.0,,,,1988000000.0,0.0,,
3_Cash_Flow,Total Debt Repaid,40000000.0,,,,,0.0,,,,0.0,-1119000000.0,7000000.0,1137000000.0,80000000.0,0.0,-6000000.0,6000000.0,112000000.0,1000000.0,0.0,194000000.0,0.0,0.0,891000000.0,0.0,0.0,0.0,,,7000000.0,300000000.0,123000000.0,80000000.0
3_Cash_Flow,Total Net Debt Issued (Repaid),-40000000.0,,,,,,,,,,,,,-37000000.0,0.0,6000000.0,-6000000.0,,,,,,,,,0.0,,,,1981000000.0,-300000000.0,,
3_Cash_Flow,Shares Issued (Stock Plans),,63000000.0,0.0,119000000.0,,53000000.0,0.0,103000000.0,,45000000.0,0.0,85000000.0,,33000000.0,0.0,59000000.0,,40000000.0,0.0,67000000.0,,43000000.0,0.0,82000000.0,,14000000.0,0.0,3000000.0,2000000.0,1000000.0,11000000.0,0.0,15000000.0
3_Cash_Flow,Lines of Credit Repaid,,,,,,,,,,,,,,,,,,,,,,,,,,0.0,0.0,0.0,0.0,0.0,294000000.0,120000000.0,77000000.0
3_Cash_Flow,Share Repurchases,3011000000.0,1900000000.0,1500000000.0,1400000000.0,1800000000.0,499000000.0,375000000.0,326000000.0,0.0,0.0,0.0,,,,,,,,,,,,,,,0.0,0.0,0.0,0.0,0.0,0.0,,7000000.0
3_Cash_Flow,Taxes Paid on Stock Awards,,,,,,,,,,,,,,,,,,,,,,2000000.0,15000000.0,,,59000000.0,146000000.0,,,0.0,0.0,,
3_Cash_Flow,Net Shares Issued (Repurchased),-3011000000.0,-1900000000.0,-1500000000.0,-1400000000.0,-1800000000.0,-499000000.0,-375000000.0,-326000000.0,0.0,0.0,0.0,,,,,,,,,,,,,,,0.0,0.0,0.0,0.0,0.0,0.0,7000000.0,-7000000.0
3_Cash_Flow,Other Financing Adjustments (Net),-40000000.0,-1218000000.0,962000000.0,1205000000.0,-62000000.0,-2898000000.0,1976000000.0,135000000.0,-100000000.0,46000000.0,-1195000000.0,49000000.0,1030000000.0,-9000000.0,251000000.0,51000000.0,-51000000.0,526000000.0,1557000000.0,36000000.0,-32000000.0,898000000.0,443000000.0,1009000000.0,-63000000.0,-24000000.0,2143000000.0,7075000000.0,-46000000.0,496000000.0,-13000000.0,1459000000.0,1182000000.0
3_Cash_Flow,Financing Cash Flow,-3091000000.0,-3118000000.0,-538000000.0,-195000000.0,-1862000000.0,-3397000000.0,1601000000.0,-191000000.0,-100000000.0,46000000.0,-76000000.0,42000000.0,-107000000.0,-89000000.0,212000000.0,5000000.0,-113000000.0,414000000.0,1556000000.0,36000000.0,-226000000.0,896000000.0,428000000.0,118000000.0,-63000000.0,-83000000.0,1993000000.0,7075000000.0,-46000000.0,2477000000.0,-313000000.0,1362000000.0,1114000000.0
3_Cash_Flow,Net Cash Flow,-1513000000.0,-1849000000.0,1843000000.0,908000000.0,-80000000.0,-214000000.0,1060000000.0,-47000000.0,1074000000.0,50000000.0,-1526000000.0,1640000000.0,100000000.0,-2102000000.0,965000000.0,390000000.0,-233000000.0,-1961000000.0,3386000000.0,-204000000.0,-1087000000.0,-101000000.0,-343000000.0,-1409000000.0,-2382000000.0,-2593000000.0,986000000.0,5999000000.0,-564000000.0,1640000000.0,-796000000.0,1118000000.0,442000000.0
3_Cash_Flow,FX Effect on Cash,-24000000.0,13000000.0,-27000000.0,159000000.0,70000000.0,-179000000.0,62000000.0,-56000000.0,-94000000.0,89000000.0,-69000000.0,27000000.0,16000000.0,145000000.0,-195000000.0,-118000000.0,20000000.0,-24000000.0,-50000000.0,51000000.0,-46000000.0,75000000.0,8000000.0,-19000000.0,-156000000.0,19000000.0,-35000000.0,9000000.0,3000000.0,14000000.0,-31000000.0,-104000000.0,2000000.0
3_Cash_Flow,Cash Interest Paid,180000000.0,13000000.0,186000000.0,13000000.0,174000000.0,76000000.0,139000000.0,118000000.0,142000000.0,160000000.0,157000000.0,155000000.0,157000000.0,123000000.0,137000000.0,118000000.0,135000000.0,130000000.0,103000000.0,132000000.0,84000000.0,116000000.0,85000000.0,120000000.0,91000000.0,119000000.0,47000000.0,124000000.0,42000000.0,41000000.0,40000000.0,27000000.0,16000000.0
3_Cash_Flow,"Income Taxes Paid, Net",84000000.0,71000000.0,107000000.0,112000000.0,55000000.0,82000000.0,85000000.0,86000000.0,71000000.0,64000000.0,100000000.0,48000000.0,22000000.0,26000000.0,44000000.0,64000000.0,41000000.0,16000000.0,20000000.0,29000000.0,22000000.0,14000000.0,10000000.0,22000000.0,36000000.0,28000000.0,25000000.0,46000000.0,34000000.0,76000000.0,52000000.0,108000000.0,53000000.0
4a_Segments_Business,Revenue - Delivery,5068000000.0,4892000000.0,4477000000.0,4102000000.0,3777000000.0,3773000000.0,3470000000.0,3293000000.0,3214000000.0,3119000000.0,2935000000.0,3057000000.0,3093000000.0,2931000000.0,2770000000.0,2688000000.0,2512000000.0,2420000000.0,2238000000.0,1963000000.0,1741000000.0,1355000000.0,1136000000.0,886000000.0,527000000.0,,645000000.0,595000000.0,536000000.0,,,,
4a_Segments_Business,Revenue - Freight,1337000000.0,1270000000.0,1308000000.0,1261000000.0,1260000000.0,1275000000.0,1309000000.0,1273000000.0,1284000000.0,1280000000.0,1286000000.0,1279000000.0,1400000000.0,1540000000.0,1751000000.0,1832000000.0,1824000000.0,1081000000.0,402000000.0,348000000.0,301000000.0,313000000.0,288000000.0,211000000.0,199000000.0,219000000.0,218000000.0,167000000.0,127000000.0,125000000.0,122000000.0,69000000.0,40000000.0
4a_Segments_Business,Revenue - Mobility,6798000000.0,8204000000.0,7682000000.0,7288000000.0,6496000000.0,6911000000.0,6409000000.0,6134000000.0,5633000000.0,5537000000.0,5071000000.0,4894000000.0,4330000000.0,4136000000.0,3822000000.0,3553000000.0,2518000000.0,2277000000.0,2205000000.0,1618000000.0,853000000.0,1471000000.0,1364000000.0,787000000.0,2467000000.0,,2895000000.0,2376000000.0,2418000000.0,,,,
4a_Segments_Business,Revenue - Core Platform,,,,,,,,,,,,,,,,,,,,,,,,,,,,2971000000.0,2954000000.0,,,2697000000.0,2544000000.0
4a_Segments_Business,Revenue - Eats,,,,,,,,,,,,,,,,,,,,,,,,,819000000.0,,645000000.0,595000000.0,536000000.0,,394000000.0,346000000.0,283000000.0
4a_Segments_Business,Revenue - Ridesharing,,,,,,,,,,,,,,,,,,,,,,,,,2450000000.0,3022000000.0,2866000000.0,2348000000.0,2376000000.0,2340000000.0,2371000000.0,2291000000.0,2180000000.0
4a_Segments_Business,Operating Income - Delivery,961000000.0,,,,671000000.0,,,,,,,,,,,,,,,,,,,,,,,,,,,,
4a_Segments_Business,Operating Income - Freight,-30000000.0,,,,-25000000.0,,,,,,,,,,,,,,,,,,,,,-55000000.0,-81000000.0,-52000000.0,-29000000.0,-23000000.0,-31000000.0,-28000000.0,-20000000.0
4a_Segments_Business,Operating Income - Mobility,2029000000.0,,,,1587000000.0,,,,,,,,,,,,,,,,,,,,,,,,,,,,
4a_Segments_Business,Adjusted Segment EBITDA - Delivery,,1015000000.0,921000000.0,873000000.0,763000000.0,727000000.0,628000000.0,588000000.0,528000000.0,476000000.0,413000000.0,329000000.0,288000000.0,241000000.0,181000000.0,99000000.0,30000000.0,25000000.0,-12000000.0,-161000000.0,-200000000.0,-145000000.0,-183000000.0,-232000000.0,-313000000.0,-461000000.0,-316000000.0,-286000000.0,-309000000.0,,,,
4a_Segments_Business,Other Segment Items - Delivery,1976000000.0,1809000000.0,1682000000.0,1580000000.0,1600000000.0,1510000000.0,1453000000.0,1381000000.0,1344000000.0,,,,,,,,,,,,,,,,,,,,,,,,
4a_Segments_Business,Adjusted Segment EBITDA - Freight,,0.0,-20000000.0,-6000000.0,-7000000.0,-22000000.0,-19000000.0,-12000000.0,-21000000.0,-14000000.0,-13000000.0,-14000000.0,-23000000.0,-8000000.0,1000000.0,5000000.0,2000000.0,-25000000.0,-35000000.0,-41000000.0,-29000000.0,-41000000.0,-73000000.0,-49000000.0,-64000000.0,-55000000.0,-81000000.0,-52000000.0,-29000000.0,,,,
4a_Segments_Business,Other Segment Items - Freight,152000000.0,135000000.0,147000000.0,134000000.0,151000000.0,135000000.0,143000000.0,139000000.0,146000000.0,,,,,,,,,,,,,,,,,,,,,,,,
4a_Segments_Business,Adjusted Segment EBITDA - Mobility,,2203000000.0,2038000000.0,1905000000.0,1753000000.0,1769000000.0,1682000000.0,1567000000.0,1479000000.0,1446000000.0,1287000000.0,1170000000.0,1060000000.0,1012000000.0,898000000.0,771000000.0,618000000.0,575000000.0,544000000.0,179000000.0,298000000.0,293000000.0,245000000.0,50000000.0,581000000.0,742000000.0,631000000.0,506000000.0,192000000.0,,,,
4a_Segments_Business,Other Segment Items - Mobility,3509000000.0,3506000000.0,3285000000.0,3325000000.0,3138000000.0,3147000000.0,2957000000.0,2885000000.0,2717000000.0,,,,,,,,,,,,,,,,,,,,,,,,
4a_Segments_Business,Adjusted Segment EBITDA - Adjusted EBITDA,,2487000000.0,2256000000.0,2119000000.0,1868000000.0,1842000000.0,1690000000.0,1570000000.0,1382000000.0,1283000000.0,1092000000.0,916000000.0,761000000.0,665000000.0,516000000.0,364000000.0,168000000.0,,,,,,,-837000000.0,612000000.0,,,-656000000.0,869000000.0,,,,
4a_Segments_Business,Adjusted Segment EBITDA - Corporate G&A and Platform R&D,,-731000000.0,-683000000.0,-653000000.0,-641000000.0,-632000000.0,-601000000.0,-573000000.0,-604000000.0,-625000000.0,-595000000.0,-569000000.0,-564000000.0,,-564000000.0,-511000000.0,-482000000.0,,,,,,,-492000000.0,645000000.0,,,-622000000.0,568000000.0,,,,
4b_Segments_Geographic_Regions,Revenue - Asia (Post Change),1677000000.0,1625000000.0,1552000000.0,1404000000.0,1276000000.0,1328000000.0,1307000000.0,1209000000.0,1192000000.0,1185000000.0,1150000000.0,1062000000.0,1032000000.0,991000000.0,947000000.0,810000000.0,733000000.0,752000000.0,743000000.0,709000000.0,527000000.0,385000000.0,323000000.0,217000000.0,222000000.0,,,,,,,,
4b_Segments_Geographic_Regions,Revenue - Asia (Pre Change),,,,,,,,,,,,,,,,,,,,,,385000000.0,494000000.0,358000000.0,352000000.0,359000000.0,345000000.0,276000000.0,267000000.0,-10000000.0,264000000.0,,
4b_Segments_Geographic_Regions,Revenue - EMEA (Post Change),3420000000.0,4758000000.0,4388000000.0,3897000000.0,3321000000.0,3590000000.0,3196000000.0,2987000000.0,2756000000.0,2838000000.0,2560000000.0,2412000000.0,2094000000.0,2093000000.0,1878000000.0,1846000000.0,1127000000.0,995000000.0,1064000000.0,704000000.0,225000000.0,665000000.0,590000000.0,358000000.0,473000000.0,,,,,,,,
4b_Segments_Geographic_Regions,Revenue - EMEA (Pre Change),,,,,,,,,,,,,,,,,,,,,,665000000.0,641000000.0,401000000.0,552000000.0,621000000.0,534000000.0,506000000.0,487000000.0,262000000.0,431000000.0,,
4b_Segments_Geographic_Regions,Revenue - Latin America,978000000.0,992000000.0,829000000.0,789000000.0,717000000.0,727000000.0,679000000.0,679000000.0,710000000.0,678000000.0,642000000.0,627000000.0,565000000.0,547000000.0,518000000.0,481000000.0,432000000.0,418000000.0,390000000.0,307000000.0,302000000.0,302000000.0,302000000.0,213000000.0,478000000.0,553000000.0,527000000.0,417000000.0,450000000.0,383000000.0,515000000.0,,
4b_Segments_Geographic_Regions,Revenue - Other,,,,,,,,,,,,,,,,,,102000000.0,1730000000.0,1313000000.0,829000000.0,2333000000.0,965000000.0,597000000.0,1162000000.0,797000000.0,1558000000.0,1307000000.0,1342000000.0,1530000000.0,1083000000.0,1018000000.0,978000000.0
4c_Segments_Geographic_Countries,Revenue - United States,,,,,,,,,,,,,,,,,4197000000.0,3219000000.0,2343000000.0,1813000000.0,1683000000.0,1640000000.0,1455000000.0,1035000000.0,1952000000.0,2354000000.0,2255000000.0,1859000000.0,1757000000.0,1404000000.0,1621000000.0,1469000000.0,1330000000.0
4b_Segments_Geographic_Regions,Revenue - United States And Canada,7128000000.0,6991000000.0,6698000000.0,6561000000.0,6219000000.0,6314000000.0,6006000000.0,5825000000.0,5473000000.0,5235000000.0,4940000000.0,5129000000.0,5132000000.0,4976000000.0,5000000000.0,4936000000.0,4562000000.0,3613000000.0,2648000000.0,1984000000.0,1849000000.0,1813000000.0,1598000000.0,1125000000.0,2075000000.0,2536000000.0,2407000000.0,1967000000.0,1895000000.0,1502000000.0,1734000000.0,,
4e_Operating_Metrics,RPO - Total,,,,,,,,,,,,,123000000.0,131000000.0,140000000.0,,146000000.0,157000000.0,184000000.0,,220000000.0,,,,74000000.0,,100000000.0,113000000.0,126000000.0,,,,
4e_Operating_Metrics,RPO Expected Recognition - 2019-04-01,,,,,,,,,,,,,,,,,,,,,,,,,,,,,52000000.0,,,,
4e_Operating_Metrics,RPO Expected Recognition - 2019-07-01,,,,,,,,,,,,,,,,,,,,,,,,,,,,52000000.0,,,,,
4e_Operating_Metrics,RPO Expected Recognition - 2019-10-01,,,,,,,,,,,,,,,,,,,,,,,,,,,52000000.0,,,,,,
4e_Operating_Metrics,RPO Expected Recognition - 2020-01-01,,,,,,,,,,,,,,,,,,,,,,,,,,52000000.0,,,,,,,
4e_Operating_Metrics,RPO Expected Recognition - 2020-04-01,,,,,,,,,,,,,,,,,,,,,,,,,52000000.0,,,,74000000.0,,,,
4e_Operating_Metrics,RPO Expected Recognition - 2020-07-01,,,,,,,,,,,,,,,,,,,,,,,,,,,,61000000.0,,,,,
4e_Operating_Metrics,RPO Expected Recognition - 2020-10-01,,,,,,,,,,,,,,,,,,,,,,,,,,,48000000.0,,,,,,
4e_Operating_Metrics,RPO Expected Recognition - 2021-01-01,,,,,,,,,,,,,,,,,,,,,,,,,,35000000.0,,,,,,,
4e_Operating_Metrics,RPO Expected Recognition - 2021-04-01,,,,,,,,,,,,,,,,,,,,,67000000.0,,,,22000000.0,,,,,,,,
4e_Operating_Metrics,RPO Expected Recognition - 2021-07-01,,,,,,,,,,,,,,,,,,,,46000000.0,,,,,,,,,,,,,
4e_Operating_Metrics,RPO Expected Recognition - 2021-10-01,,,,,,,,,,,,,,,,,,,46000000.0,,,,,,,,,,,,,,
4e_Operating_Metrics,RPO Expected Recognition - 2022-01-01,,,,,,,,,,,,,,,,,,26000000.0,,,,,,,,,,,,,,,
4e_Operating_Metrics,RPO Expected Recognition - 2022-04-01,,,,,,,,,,,,,,,,,25000000.0,,,,153000000.0,,,,,,,,,,,,
4e_Operating_Metrics,RPO Expected Recognition - 2022-07-01,,,,,,,,,,,,,,,,33000000.0,,,,146000000.0,,,,,,,,,,,,,
4e_Operating_Metrics,RPO Expected Recognition - 2022-10-01,,,,,,,,,,,,,,,29000000.0,,,,138000000.0,,,,,,,,,,,,,,
4e_Operating_Metrics,RPO Expected Recognition - 2023-01-01,,,,,,,,,,,,,,25000000.0,,,,131000000.0,,,,,,,,,,,,,,,
4e_Operating_Metrics,RPO Expected Recognition - 2023-04-01,,,,,,,,,,,,,21000000.0,,,,121000000.0,,,,,,,,,,,,,,,,
4e_Operating_Metrics,RPO Expected Recognition - 2023-07-01,,,,,,,,,,,,19000000.0,,,,115000000.0,,,,,,,,,,,,,,,,,
4e_Operating_Metrics,RPO Expected Recognition - 2023-10-01,,,,,,,,,,,23000000.0,,,,111000000.0,,,,,,,,,,,,,,,,,,
4e_Operating_Metrics,RPO Expected Recognition - 2024-01-01,,,,,,,,,,22000000.0,,,,106000000.0,,,,,,,,,,,,,,,,,,,
4e_Operating_Metrics,RPO Expected Recognition - 2024-07-01,,,,,,,,,,,,97000000.0,,,,,,,,,,,,,,,,,,,,,
4e_Operating_Metrics,RPO Expected Recognition - 2024-10-01,,,,,,,,,,,105000000.0,,,,,,,,,,,,,,,,,,,,,,
4e_Operating_Metrics,RPO Expected Recognition - 2025-01-01,,,,,,,,,,100000000.0,,,102000000.0,,,,,,,,,,,,,,,,,,,,
5_KPI_Metrics,Gross Margin (%),45.03,39.57,39.79,39.84,39.85,39.51,39.57,39.36,39.12,39.04,39.45,40.25,40.39,38.34,38.0,36.17,41.26,46.28,49.68,46.58,41.1,54.47,53.86,51.7,54.09,52.64,51.22,45.04,45.76,45.7,48.71,51.52,55.26
5_KPI_Metrics,Operating Margin (%),14.56,12.35,8.26,11.46,10.65,6.44,9.48,7.44,1.7,6.56,4.24,3.53,-2.97,-1.65,-5.93,-8.83,-7.03,-9.52,-11.81,-30.24,-52.5,-27.71,-39.67,-84.0,-38.89,-23.86,-29.01,-173.25,-33.37,-35.41,-25.92,-26.7,-18.5
5_KPI_Metrics,Net Margin (%),1.99,2.06,49.2,10.71,15.4,57.55,23.35,9.49,-6.46,14.38,2.38,4.27,-1.78,6.91,-14.46,-32.22,-86.52,15.44,-50.03,29.12,-3.72,-30.62,-38.71,-92.79,-90.39,-26.94,-30.47,-165.38,-32.66,-29.83,-33.49,-31.72,145.05
5_KPI_Metrics,Metric: EBITDA,1982000000.0,2171000000.0,1185000000.0,1625000000.0,1292000000.0,1168000000.0,1134000000.0,866000000.0,257000000.0,1095000000.0,483000000.0,417000000.0,-168000000.0,318000000.0,-369000000.0,-574000000.0,-338000000.0,-19000000.0,-467000000.0,-1084000000.0,-1432000000.0,-443000000.0,-1084000000.0,-1582000000.0,-1235000000.0,-534000000.0,-1014000000.0,-5370000000.0,-897000000.0,-933000000.0,-643000000.0,-647000000.0,-396000000.0
5_KPI_Metrics,Metric: EBITDA Margin %,15.011739756116036,15.11207016566894,8.799287146357763,12.844834400442654,11.202635914332784,9.7667029015804,10.135859849839113,8.093457943925234,2.5367683348139374,11.020531400966185,5.198019801980198,4.517876489707476,-1.9041142468548113,3.6946671314046706,-4.4228694714131604,-7.110120153598415,-4.931426903997665,-0.3288335064035999,-9.638802889576883,-27.589717485365234,-49.32828108852911,-13.996840442338074,-38.535371489512976,-82.69733403031887,-38.02339901477833,-13.123617596461045,-26.593233674272227,-169.61465571699307,-28.944820909970957,-31.371889710827165,-21.841032608695652,-23.3742774566474,-15.325077399380804
5_KPI_Metrics,Metric: Free Cash Flow,2286000000.0,2808000000.0,2230000000.0,2475000000.0,2250000000.0,1706000000.0,2109000000.0,1721000000.0,1359000000.0,768000000.0,905000000.0,1140000000.0,549000000.0,-303000000.0,358000000.0,382000000.0,-47000000.0,-187000000.0,524000000.0,-398000000.0,-682000000.0,-928000000.0,-537000000.0,-1235000000.0,-661000000.0,-1981000000.0,-1007000000.0,-1070000000.0,-851000000.0,-877000000.0,-563000000.0,-272000000.0,-387000000.0
5_KPI_Metrics,FCF Margin (%),17.314246762099522,19.546150633440067,16.55899606445385,19.56367085605881,19.509234370935577,14.265406806589178,18.850554165176973,16.08411214953271,13.414273023393545,7.729468599033816,9.739560912613001,12.351029252437703,6.222373342400544,-3.520390379923318,4.29102241399976,4.731822123126471,-0.685730960023344,-3.236413984077535,10.815273477812177,-10.129804021379487,-23.49293833964864,-29.320695102685622,-19.089939566299325,-64.55828541557763,-20.35098522167488,-48.68518063406243,-26.409651193286127,-33.79658875552748,-27.46047111971604,-29.488903833221254,-19.123641304347828,-9.826589595375722,-14.976780185758514
5_KPI_Metrics,Metric: Unlevered Free Cash Flow,2351758064.516129,2923000000.0,2342000000.0,2572803191.489362,2355000000.0,1823000000.0,2243840375.5868545,1852643454.0389972,1483000000.0,899668490.1531729,1056000000.0,1266857142.857143,703000000.0,-152000000.0,504000000.0,521000000.0,82000000.0,-57000000.0,647000000.0,-283000000.0,-682000000.0,-810000000.0,-425000000.0,-1125000000.0,-543000000.0,-1880000000.0,-917000000.0,-919000000.0,-634000000.0,-682000000.0,-402000000.0,-112000000.0,-272571527.6172868
5_KPI_Metrics,Metric: Total Debt,12419000000.0,12302000000.0,13340000000.0,12342000000.0,11124000000.0,11436000000.0,13160000000.0,11169000000.0,11186000000.0,11702000000.0,11016000000.0,11056000000.0,11104000000.0,11565000000.0,11110000000.0,11224000000.0,11190000000.0,11366000000.0,10962000000.0,9515000000.0,9530000000.0,9603000000.0,9077000000.0,8597000000.0,7621000000.0,7761000000.0,7524000000.0,6140000000.0,8484000000.0,6896000000.0,,,
5_KPI_Metrics,Metric: Total Lease Liabilities,1905000000.0,1781000000.0,1575000000.0,1614000000.0,1624000000.0,1939000000.0,1674000000.0,1690000000.0,1704000000.0,2218000000.0,1739000000.0,1776000000.0,1822000000.0,2273000000.0,1815000000.0,1926000000.0,1890000000.0,2063000000.0,1656000000.0,1690000000.0,1702000000.0,2016000000.0,1883000000.0,1879000000.0,1891000000.0,2027000000.0,1786000000.0,1587000000.0,1518000000.0,,,,
5_KPI_Metrics,Metric: Net Cash (Debt),-6328000000.0,-4669000000.0,-4254000000.0,-4972000000.0,-5098000000.0,-1742000000.0,-4097000000.0,-4877000000.0,-5423000000.0,-6295000000.0,-5843000000.0,-5523000000.0,-6938000000.0,-4785000000.0,-6245000000.0,-6827000000.0,-7006000000.0,-3561000000.0,-4480000000.0,-4512000000.0,-3875000000.0,-2776000000.0,-1791000000.0,-810000000.0,1375000000.0,3552000000.0,5126000000.0,5604000000.0,-2739000000.0,-490000000.0,,,
5_KPI_Metrics,Metric: ROE % (Annualised),4.102804102804103,1.060247868758507,91.40255888540194,23.11596366272871,31.141504471330876,30.75101639637225,67.00442506252806,30.869829683698295,-22.079675894665765,11.880611905553708,8.730864197530865,16.73036093418259,-7.60935417423967,7.3693336636115925,-69.21090387374463,-141.18604966752613,-246.74919380006241,5.889732585011555,-68.98121798520205,32.282186948853614,-3.1769377849683775,-7.472815608853243,-45.21955777016506,-69.3427092489501,-97.63884270036581,-7.369553523399677,-29.52610849955533,-131.54126366034419,48.007590132827325,12.010832769126607,60.28737389177622,63.76180101670298,-317.223867964452
5_KPI_Metrics,Metric: Effective Tax Rate %,39.11290322580645,-13.745704467353953,-154.42748091603053,9.441489361702128,-29.025270758122744,-660.2860286028604,5.706031058143734,5.2924791086350975,-4.603174603174604,7.275711159737417,-22.727272727272727,14.285714285714285,-39.85507246376812,-17.72151898734177,-4.931972789115646,-3.0125195618153366,3.761348897535668,-12.262958280657395,3.9968341907400076,-74.84375,260.5633802816902,-2.467811158798283,-2.1355617455896008,-0.2271436683702442,7.619647355163728,-2.3651844843897827,-0.26155187445510025,0.038182512409316534,-1.917255297679112,26.81099084096586,-0.10224948875255625,-3.349282296650718,13.311763346429398
6_Disclosures,Revenue - ATG And Other Technology Programs - ATG Investment,,,,,,,,,,,,,,,,,,,,,,,25000000.0,,,,17000000.0,,,,,,
6_Disclosures,Revenue - Apparate - ATG And Other Technology Programs - ATG Investment,,,,,,,,,,,,,,,,,,,,,,,,25000000.0,25000000.0,,17000000.0,,,,,,
6_Disclosures,Revenue - Aurora,,,,,,,,,,,,,,,,,,28000000.0,,,,,,,,,,,,,,,
6_Disclosures,Revenue - Debt Securities,,,,,,,,,,,,,,,,,,,,,,-2000000.0,0.0,,,,,,,,,,
6_Disclosures,Revenue - Didi Equity Securities,,,,,,,,,,,,,,,,,,,,,500000000.0,,,,,,,,,,,,
6_Disclosures,Revenue - Equity Securities,,,,,,,,,,,,,,,,,,,,,,0.0,0.0,,,,,,,,,,
6_Disclosures,Revenue - Material Reconciling Items,,0.0,,,,,0.0,0.0,3000000.0,1000000.0,-2000000.0,-16000000.0,-67000000.0,-8000000.0,0.0,-4000000.0,-13000000.0,-100000000.0,0.0,0.0,-57000000.0,-32000000.0,-76000000.0,16000000.0,193000000.0,,,,,,,,
6_Disclosures,Revenue - Notes Receivable,,,,,,,,,,,,,,,,,,,,,,0.0,0.0,,,,,,,,,,
6_Disclosures,Revenue - Trendyol Go,,,0.0,0.0,,,,,,,,,,,,,,,,,,,,,,,,,,,,,
6_Disclosures,Research & Development - Material Reconciling Items,,,,,,,,,,,,,,,,,,,,,,,,,,,,105000000.0,97000000.0,,,129000000.0,117000000.0
6_Disclosures,"Disposal Group, Not Discontinued Operation, Gain (Loss) on Disposal - Apparate USALLC - Disposal Group Disposed Of By Sale Not Discontinued Operations",,,,,,,,,,,,,,,,,,0.0,0.0,0.0,1600000000.0,,,,,,,,,,,,
6_Disclosures,"Disposal Group, Not Discontinued Operation, Gain (Loss) on Disposal - Disposal Group Disposed Of By Sale Not Discontinued Operations - European Freight Business",,,,,,,,,,,,,,,,,,,,,,77000000.0,-77000000.0,,77000000.0,,,,,,,,
6_Disclosures,"Disposal Group, Not Discontinued Operation, Gain (Loss) on Disposal - Disposal Group Disposed Of By Sale Not Discontinued Operations - JUMP Divestiture",,,,,,,,,,,,,,,,,,,,,,-27000000.0,,-27000000.0,,,,,,,,,
6_Disclosures,"Disposal Group, Not Discontinued Operation, Gain (Loss) on Disposal - Disposal Group Disposed Of By Sale Not Discontinued Operations - Southeast Asia Operations",,,,,,,,,,,,,,,,,,,,,,,,,,,,,,,,,2300000000.0
6_Disclosures,"Disposal Group, Not Discontinued Operation, Gain (Loss) on Disposal - Disposal Group Disposed Of By Sale Not Discontinued Operations - UBER Russia CIS Operations",,,,,,,,,,,,,,,,,,,,,,,,,,,,,,,,,954000000.0
6_Disclosures,"Disposal Group, Not Discontinued Operation, Gain (Loss) on Disposal - Disposal Group Disposed Of By Sale Not Discontinued Operations - Uber Eats India",,,,,,,,,,,,,,,,,,,,,,0.0,0.0,0.0,154000000.0,,,,,,,,
6_Disclosures,"Disposal Group, Not Discontinued Operation, Gain (Loss) on Disposal - Grab Holding Inc.",,,,,,,,,,,,,,,,,,,,,,,,,,,,,,,0.0,0.0,2200000000.0
6_Disclosures,"Disposal Group, Not Discontinued Operation, Gain (Loss) on Disposal - MLUB.V.",,,,,,,,,,,,,,,,,,,,,,,,,,,,,,,,,954000000.0
6_Disclosures,"Disposal Group, Not Discontinued Operation, Gain (Loss) on Disposal - UBER Russia CIS Operations",,,,,,,,,,,,,,,,,,,,,,,,,,,,,,,0.0,0.0,954000000.0
6_Disclosures,"Disposal Group, Not Discontinued Operation, Gain (Loss) on Disposal - Uber Eats India",,,,,,,,,,,,,,,,,,,,,,,,,154000000.0,,,,,,,,
6_Disclosures,"Equity Method Investment, Other-than-Temporary Impairment - Event Center Office Partners LLC",,,,,,,,,,,,,,,,,,,,,,0.0,0.0,0.0,0.0,0.0,0.0,0.0,0.0,,,,
6_Disclosures,"Equity Method Investment, Other-than-Temporary Impairment - MLUB.V.",,,,,,,,,,,,,,0.0,0.0,0.0,182000000.0,,,,,,,0.0,0.0,,,,,,,,
6_Disclosures,Revaluation On Call Option - Call Option - MLUB.V.,,,,,,,,,,,,,,11000000.0,,,181000000.0,,,,,,,,,,,,,,,,
6_Disclosures,"Embedded Derivative, Gain (Loss) on Embedded Derivative, Net - Convertible Debt - Convertible Notes2021",,,,,,,,,,,,,,,,,,,,,,,,,,0.0,0.0,-109000000.0,129000000.0,-15000000.0,-80000000.0,-25000000.0,-314000000.0
6_Disclosures,"Embedded Derivative, Gain (Loss) on Embedded Derivative, Net - Convertible Debt - Convertible Notes2022",,,,,,,,,,,,,,,,,,,,,,,,,,0.0,0.0,-8000000.0,46000000.0,5000000.0,-9000000.0,-10000000.0,-53000000.0
6_Disclosures,Restructuring & Related Charges - Corporate Non,,,,,,,,,,,,,,,,,,,,,,-3000000.0,,84000000.0,,,,,,,,,
6_Disclosures,Restructuring & Related Charges - Employee Severance,,,,,,,,,,,,,,,,,,,,,,-8000000.0,-3000000.0,,,,,,,,,,
6_Disclosures,Restructuring & Related Charges - Facility Closing,,,,,,,,,,,,,,,,,,,,,,-6000000.0,-3000000.0,,,,,,,,,,
6_Disclosures,Restructuring & Related Charges - General And Administrative Expense,,,,,,,,,,,,,,,,,,,,,,-2000000.0,,87000000.0,,,,,,,,,
6_Disclosures,Restructuring & Related Charges - Material Reconciling Items,,5000000.0,3000000.0,0.0,1000000.0,5000000.0,4000000.0,9000000.0,7000000.0,16000000.0,4000000.0,9000000.0,22000000.0,0.0,0.0,0.0,2000000.0,0.0,0.0,0.0,0.0,-14000000.0,-6000000.0,382000000.0,0.0,12000000.0,45000000.0,0.0,0.0,,,,
6_Disclosures,Restructuring & Related Charges - Operations And Support,,,,,,,,,,,,,,,,,,,,,,-10000000.0,,187000000.0,,,,,,,,,
6_Disclosures,Restructuring & Related Charges - Other Restructuring,,,,,,,,,,,,,,,,,,,,,,0.0,0.0,,,,,,,,,,
6_Disclosures,Restructuring & Related Charges - Research And Development Expense,,,,,,,,,,,,,,,,,,,,,,-1000000.0,,86000000.0,,,,,,,,,
6_Disclosures,Restructuring & Related Charges - Selling And Marketing Expense,,,,,,,,,,,,,,,,,,,,,,-1000000.0,,22000000.0,,,,,,,,,
6_Disclosures,Impairment Charges - Material Reconciling Items,,,,,,,,,,,,,,,,,,,,,,,76000000.0,16000000.0,-193000000.0,,0.0,0.0,-8000000.0,,,,
6_Disclosures,Impairment Charges - New Mobility,,,,,,,,,,,,,,,,,,,,,,,,,47000000.0,,,,,,,,
6_Disclosures,Impairment Charges - OTher Than New Mobility,,,,,,,,,,,,,,,,,,,,,,,,,0.0,,,,,,,,
6_Disclosures,Acquisition-Related Costs - Material Reconciling Items,,,,,,,,,,,,,,,,,,,,,,,,,,0.0,0.0,0.0,0.0,0.0,0.0,0.0,15000000.0
6_Disclosures,Operating Income - Aurora,,,,,,,,,,,,,,,,,,-229000000.0,-129000000.0,-181000000.0,-192000000.0,,,,,,,,,,,,
6_Disclosures,Operating Income - Material Reconciling Items,,,,,1228000000.0,,,,172000000.0,,,,,,,,,,,,,,,,,,,,,,,,
6_Disclosures,Interest Expense - A2025Convertible Note - Convertible Debt,,,0.0,0.0,0.0,,0.0,0.0,0.0,,,,,,,,,,,,,,,,,,,,,,,,
6_Disclosures,Interest Expense - Convertible Debt,0.0,,,,0.0,,,,,,,,,,,,,,,,,,,,,,,,,,,,
6_Disclosures,Equity Method Income - Event Center Office Partners LLC,,,,,,,,,,,,,,,,,,,,,,,,,,,,0.0,0.0,,,,
6_Disclosures,Net Income - Aurora,,,,,,,,,,,,,,,,,,-251000000.0,-134000000.0,-181000000.0,-189000000.0,,,,,,,,,,,,
6_Disclosures,Net Income - Noncontrolling Interest,-4000000.0,-4000000.0,-17000000.0,-16000000.0,-18000000.0,-6000000.0,-24000000.0,-19000000.0,-20000000.0,-27000000.0,-13000000.0,-11000000.0,-11000000.0,-6000000.0,-8000000.0,-26000000.0,1000000.0,-26000000.0,-13000000.0,-32000000.0,-14000000.0,-7000000.0,-22000000.0,-5000000.0,-18000000.0,2000000.0,-10000000.0,-10000000.0,-4000000.0,0.0,,,
6_Disclosures,Net Income - Nonredeemable Noncontrolling Interest,13000000.0,14000000.0,12000000.0,12000000.0,12000000.0,12000000.0,11000000.0,12000000.0,11000000.0,12000000.0,11000000.0,11000000.0,11000000.0,11000000.0,10000000.0,11000000.0,10000000.0,,0.0,,0.0,13000000.0,3000000.0,8000000.0,8000000.0,,13000000.0,,,,,,
6_Disclosures,Net Income - Retained Earnings,273000000.0,307000000.0,6657000000.0,1354000000.0,1780000000.0,6895000000.0,2612000000.0,1015000000.0,-654000000.0,1715000000.0,221000000.0,394000000.0,-157000000.0,596000000.0,-1206000000.0,-2601000000.0,-5930000000.0,892000000.0,-2424000000.0,1144000000.0,-108000000.0,-968000000.0,-1089000000.0,-1775000000.0,-2936000000.0,-1096000000.0,-1162000000.0,-5236000000.0,-1012000000.0,-887000000.0,-986000000.0,-878000000.0,3748000000.0
6_Disclosures,Inventory - New Mobility,,,,,,,,,,,,,,,,,,,,,,,,,23000000.0,,,,,,,,
6_Disclosures,"Property, Plant & Equipment - Facility Closing - Leasehold Improvements",,,,,,,,,,,,,,,,,,,,,,0.0,0.0,,,,,,,,,,
6_Disclosures,"Property, Plant & Equipment - New Mobility",,,,,,,,,,,,,,,,,,,,,,,,,-47000000.0,,,,,,,,
6_Disclosures,Depreciation & Amortization - Material Reconciling Items,,185000000.0,188000000.0,175000000.0,171000000.0,169000000.0,179000000.0,173000000.0,190000000.0,203000000.0,205000000.0,208000000.0,207000000.0,223000000.0,227000000.0,243000000.0,254000000.0,246000000.0,218000000.0,226000000.0,212000000.0,180000000.0,138000000.0,129000000.0,128000000.0,101000000.0,102000000.0,123000000.0,146000000.0,109000000.0,131000000.0,98000000.0,88000000.0
6_Disclosures,Amortization of Intangibles (CF) - Material Reconciling Items,59000000.0,,,,64000000.0,,,,,,,,,,,,,,,,,,,,,,,,,,,,
6_Disclosures,Stock-Based Compensation - General And Administrative Expense,102000000.0,95000000.0,103000000.0,104000000.0,95000000.0,89000000.0,97000000.0,100000000.0,97000000.0,97000000.0,109000000.0,116000000.0,118000000.0,121000000.0,123000000.0,125000000.0,108000000.0,99000000.0,69000000.0,66000000.0,98000000.0,67000000.0,54000000.0,38000000.0,71000000.0,70000000.0,97000000.0,768000000.0,6000000.0,13000000.0,9000000.0,12000000.0,48000000.0
6_Disclosures,Stock-Based Compensation - IPO,,,,,,,,,,,,,,,,,,,,,,,,,,,,3600000000.0,,,,,
6_Disclosures,Stock-Based Compensation - Material Reconciling Items,,451000000.0,465000000.0,475000000.0,435000000.0,419000000.0,438000000.0,455000000.0,484000000.0,469000000.0,492000000.0,504000000.0,470000000.0,482000000.0,482000000.0,470000000.0,359000000.0,334000000.0,281000000.0,272000000.0,281000000.0,236000000.0,183000000.0,131000000.0,277000000.0,243000000.0,401000000.0,3941000000.0,11000000.0,25000000.0,64000000.0,20000000.0,63000000.0
6_Disclosures,Stock-Based Compensation - Operations And Support,60000000.0,56000000.0,58000000.0,59000000.0,52000000.0,47000000.0,50000000.0,54000000.0,67000000.0,52000000.0,49000000.0,45000000.0,38000000.0,40000000.0,41000000.0,40000000.0,33000000.0,32000000.0,42000000.0,38000000.0,28000000.0,20000000.0,16000000.0,11000000.0,25000000.0,23000000.0,26000000.0,404000000.0,1000000.0,4000000.0,4000000.0,2000000.0,5000000.0
6_Disclosures,Stock-Based Compensation - Research And Development Expense,286000000.0,275000000.0,278000000.0,284000000.0,264000000.0,260000000.0,268000000.0,277000000.0,299000000.0,298000000.0,310000000.0,317000000.0,290000000.0,295000000.0,292000000.0,277000000.0,196000000.0,180000000.0,152000000.0,149000000.0,133000000.0,136000000.0,102000000.0,72000000.0,167000000.0,136000000.0,262000000.0,2557000000.0,3000000.0,5000000.0,49000000.0,5000000.0,6000000.0
6_Disclosures,Stock-Based Compensation - Selling And Marketing Expense,25000000.0,25000000.0,26000000.0,28000000.0,24000000.0,23000000.0,23000000.0,24000000.0,21000000.0,22000000.0,24000000.0,26000000.0,24000000.0,26000000.0,26000000.0,28000000.0,22000000.0,23000000.0,18000000.0,19000000.0,22000000.0,13000000.0,11000000.0,10000000.0,14000000.0,14000000.0,16000000.0,212000000.0,1000000.0,3000000.0,2000000.0,1000000.0,4000000.0
6_Disclosures,Gain/Loss on Investments (CF) - Aurora Equity Securities,,,49000000.0,-482000000.0,137000000.0,,1000000000.0,,,,,,,,,,,,102000000.0,471000000.0,0.0,,,,,,,,,,,,
6_Disclosures,Gain/Loss on Investments (CF) - Delivery Hero,,,,,,-113000000.0,141000000.0,,,,,,,,,,,,,,,,,,,,,,,,,,
6_Disclosures,Gain/Loss on Investments (CF) - Delivery Hero Equity Securities,,,,,,,141000000.0,,,,,,,,,,,,,,,,,,,,,,,,,,
6_Disclosures,Gain/Loss on Investments (CF) - Didi Equity Securities,-674000000.0,-541000000.0,760000000.0,,155000000.0,-75000000.0,322000000.0,178000000.0,-69000000.0,415000000.0,132000000.0,-461000000.0,357000000.0,800000000.0,-641000000.0,259000000.0,,-1300000000.0,-3200000000.0,1400000000.0,,,,,,,,,,,,,
6_Disclosures,Gain/Loss on Investments (CF) - Grab Equity Securities,-713000000.0,,530000000.0,268000000.0,-102000000.0,,134000000.0,220000000.0,-124000000.0,,,,,,,,,,,,,,,,,,,,,,,,
6_Disclosures,Gain/Loss on Investments (CF) - Joby Equity Securities,,,,110000000.0,,,,,,,,,,,,,,,,,,,,,,,,,,,,,
6_Disclosures,Gain/Loss on Investments (CF) - Other Equity Securities,,,181000000.0,87000000.0,-63000000.0,,,,,,,,,,,,,,,,,,,,,,,,,,,,
6_Disclosures,Gain/Loss on Investments (CF) - Other Investment Securities,,,,,-139000000.0,,,,,,,,,,,,,,,,,,,,,,,,,,,,
6_Disclosures,Gain/Loss on Investments (CF) - Zomato,,,,,,,,,,,,,,,,,,-3000000.0,994000000.0,,,,,,,,,,,,,,
6_Disclosures,Capital Expenditures - Additional Paid In Capital,,,,,,,,,,,,,,,,,,,,,,,,,,,9000000.0,,,,,93000000.0,52000000.0
6_Disclosures,Capital Expenditures - Common Stock,,,,,,,,,,,,,,,,,,,,,,,,,,,188000.0,,,,,2605000.0,1528000.0
6_Disclosures,Capital Expenditures - MLUB.V.,,,,,,,,,,,,,,,,,,,,,,,,,,,,,,,,,2000000.0
6_Disclosures,Proceeds from Investments - Didi Equity Securities,,,,,,,,,,,,,,,,,,,,,500000000.0,,,,,,,,,,,,
6_Disclosures,Long-term Debt Issued - A2030Refinanced Term Loan,,,,,,,,,,,,0.0,1100000000.0,,,,,,,,,,,,,,,,,,,,
6_Disclosures,Long-term Debt Issued - A2030Refinanced Term Loan - Secured Debt,,,,,,,,,,0.0,0.0,0.0,1100000000.0,,,,,,,,,,,,,,,,,,,,
6_Disclosures,Long-term Debt Issued - Immaterial Errors - Restatement Adjustment,,,,,,,,,,,,,282000000.0,,,,,,,,,,,,,,,,,,,,
6_Disclosures,Stock Issued - A2025Convertible Note - Convertible Debt,,0.0,,,,,,,,,,,,,,,,,,,,,,,,,,,,,,,
6_Disclosures,Share Repurchases - Additional Paid In Capital,3010000000.0,1912000000.0,1471000000.0,1377000000.0,1800000000.0,,375000000.0,326000000.0,,,,,,,,,,,,,,,,,,,,,,,,,
6_Disclosures,Share Repurchases - Additional Paid In Capital - Series GRedeemable Convertible Preferred Stock,,,,,,,,,,,,,,,,,,,,,,,,,,,,,,,,-4000000.0,
6_Disclosures,Share Repurchases - Common Stock,,,,,,,,,,,,,,,,,,,,,,,,,,,,,1000.0,,489000.0,287000.0,1707000.0
6_Disclosures,Share Repurchases - Preferred Stock,,,,,,,,,,,,,,,,,,,,,,,,,,,,,,,,0.0,
6_Disclosures,Share Repurchases - Retained Earnings,,,,,,,,,,,,,,,,,,,,,,,,,,,,,,,,-7000000.0,-5000000.0
6_Disclosures,Share Repurchases - Series GRedeemable Convertible Preferred Stock,,,,,,,,,,,,,,,,,,,,,,,,,,,,,,,,-4000000.0,
6_Disclosures,Shares Issued - Common Stock,,,,,,,,,,,,,,,,,,,,,,,,,,,188000.0,180000000.0,,,,,
6_Disclosures,Shares Issued (Stock Plans) - Additional Paid In Capital,,,,119000000.0,,,,103000000.0,,,,85000000.0,,,,59000000.0,,,,67000000.0,,,,82000000.0,,,,,,,,,
6_Disclosures,Shares Issued (Stock Plans) - Common Stock,,,,,,,,,,,,,,,,,,,,,,,,,,,9553000.0,,,,,,7689000.0
6_Disclosures,Financing Cash Flow - Immaterial Errors - Restatement Adjustment,,,,,,,,,,,,,0.0,,,,,,,,,,,,,,,,,,,,
6_Disclosures,Assets - All other countries,,439000000.0,,,,353000000.0,,,,334000000.0,,,,321000000.0,,,,250000000.0,,,,252000000.0,,,,361000000.0,,,,70000000.0,,,
6_Disclosures,Assets - Debt Securities,,,,,,,,,,,,,,,,,,,,,,,,,173000000.0,,,,,,,,
6_Disclosures,Assets - Equity Securities,,,,,,,,,,,,,,,,,,,,,,,0.0,0.0,0.0,,,,,,,,
6_Disclosures,Assets - Material Reconciling Items,,,,,,,,,,,,,,6000000.0,0.0,0.0,0.0,3000000.0,0.0,0.0,2000000.0,22000000.0,80000000.0,0.0,0.0,0.0,0.0,0.0,,,,,
6_Disclosures,Assets - New Mobility,,,,,,,,,,,,,,,,,,,,,,,0.0,0.0,23000000.0,,,,,,,,
6_Disclosures,Assets - Notes Receivable,,,,,,,,,,,,,,,,,,,,,,,0.0,,,,,,,,,,
6_Disclosures,Assets - Singapore,,,,,,,,,,,,,,,,,,,,,,,,,,6000000.0,,,,321000000.0,,,
6_Disclosures,Assets - United States,,2572000000.0,,,,2757000000.0,,,,2980000000.0,,,,3210000000.0,,,,2991000000.0,,,,2940000000.0,,,,2958000000.0,,,,1572000000.0,,,
6_Disclosures,Debt Repaid - A2025And2027Refinanced Term Loan - Secured Debt,,,,,,,,,,0.0,0.0,0.0,1100000000.0,,,,,,,,,,,,,,,,,,,,
6_Disclosures,Debt Repaid - A2025Convertible Note,,1150000000.0,,,,,,,,,,,,,,,,,,,,,,,,,,,,,,,
6_Disclosures,Debt Repaid - Immaterial Errors - Restatement Adjustment,,,,,,,,,,,,,282000000.0,,,,,,,,,,,,,,,,,,,,
6_Disclosures,Income - Accumulated Net Unrealized Investment Gain Loss,,,,,,-20000000.0,28000000.0,-1000000.0,-8000000.0,7000000.0,0.0,-2000000.0,0.0,0.0,0.0,0.0,0.0,937000000.0,463000000.0,6000000.0,1156000000.0,-8000000.0,62000000.0,8000000.0,-60000000.0,4000000.0,-4000000.0,8000000.0,-4000000.0,-2000000.0,3000000.0,39000000.0,0.0
6_Disclosures,Income - Accumulated Other Comprehensive Income,-12000000.0,5000000.0,5000000.0,-2000000.0,1000000.0,-93000000.0,55000000.0,-42000000.0,-16000000.0,59000000.0,-37000000.0,-2000000.0,-155000000.0,-33000000.0,295000000.0,-200000000.0,19000000.0,-1692000000.0,463000000.0,27000000.0,1189000000.0,-90000000.0,199000000.0,-249000000.0,-208000000.0,4000000.0,-4000000.0,8000000.0,-4000000.0,,3000000.0,39000000.0,-7000000.0
6_Disclosures,Income - Accumulated Translation Adjustment,,,,,,-73000000.0,27000000.0,-41000000.0,-8000000.0,52000000.0,-37000000.0,17000000.0,-155000000.0,-33000000.0,295000000.0,-200000000.0,19000000.0,-21000000.0,24000000.0,21000000.0,33000000.0,-82000000.0,137000000.0,-257000000.0,-148000000.0,-6000000.0,-14000000.0,71000000.0,-54000000.0,-6000000.0,-154000000.0,-58000000.0,-7000000.0
6_Disclosures,Income - Careem Inc.,,,,,,,,,,,,,,,,,,,,,,-260000000.0,32000000.0,-71000000.0,81000000.0,,,,,,,,
6_Disclosures,Income - Debt Securities,,,,,,,,,,,,,,,,,,976000000.0,497000000.0,1000000.0,1250000000.0,-7000000.0,66000000.0,,,4000000.0,-4000000.0,8000000.0,-4000000.0,,,,
6_Disclosures,Income - Derivative Financial Instruments Liabilities,,,,,,,,,,,,,,,,,,0.0,,,,,,,,,,,,,,,
6_Disclosures,Income - Equity Securities,,,,,,,,,,,,,,,,,,0.0,0.0,0.0,0.0,0.0,0.0,0.0,0.0,0.0,,,,,,,
6_Disclosures,Income - Grab Debt Securities,,,,,,,,,,,,,,,,,,,497000000.0,1300000000.0,1300000000.0,,66000000.0,-57000000.0,-57000000.0,,,,,,,,
6_Disclosures,Income - Grab Equity Securities,,,,,,,,,,,,,,,,,,,400000000.0,0.0,1300000000.0,,,,,,,,,,,,
6_Disclosures,Income - MLUB.V.,,,,,,,,,,,,,,,352000000.0,,,,,,,,,,,,,,,,,,
6_Disclosures,Income - Material Reconciling Items,-129000000.0,,,,28000000.0,,179000000.0,173000000.0,190000000.0,,205000000.0,208000000.0,207000000.0,,,,,,,,,,,,,,,,,,,,
6_Disclosures,Income - Noncontrolling Interest,,,,1000000.0,,-3000000.0,1000000.0,-1000000.0,-2000000.0,,-1000000.0,,,,-6000000.0,-3000000.0,,,,,,,,,,,,,,,,,
6_Disclosures,Income - Notes Receivable,,,,,,,,,,,,,,,,,,0.0,0.0,0.0,0.0,0.0,0.0,,,,,,,,,,
6_Disclosures,Income - Pro Forma,,,,,,,,,,,,,,,,,,,,,,,38000000.0,38000000.0,36000000.0,,36000000.0,36000000.0,34000000.0,,,,
6_Disclosures,Income - Vehicle Solutions,,,,,,,,,,,,,,,,,,,,,,,,,,,,,,24000000.0,31000000.0,34000000.0,55000000.0
6_Disclosures,Operating Expenses - Aurora,,,,,,,,,,,,,,,,,,256000000.0,184000000.0,181000000.0,192000000.0,,,,,,,,,,,,
6_Disclosures,Operating Lease Liability - Mission Bay3And4,,,,,,,,,,,,,,,,,,,,,,,,,,,,,415000000.0,,,,
6_Disclosures,Useful Life - Building - Maximum - PPE,,45.0,,,,45.0,,,,45.0,,,,,,,,,,,,,,,,,,,,,,,
6_Disclosures,Useful Life - Building - Minimum - PPE,,30.0,,,,30.0,,,,30.0,,,,,,,,,,,,,,,,,,,,,,,
6_Disclosures,Useful Life - Building Improvements - Maximum - PPE,,15.0,,,,15.0,,,,15.0,,,,,,,,,,,,,,,,,,,,,,,
6_Disclosures,Useful Life - Building Improvements - Minimum - PPE,,5.0,,,,5.0,,,,5.0,,,,,,,,,,,,,,,,,,,,,,,
6_Disclosures,Useful Life - Computer Equipment - Maximum - PPE,,5.0,,,,5.0,,,,5.0,,,,,,,,,,,,,,,,,,,,,,,
6_Disclosures,Useful Life - Computer Equipment - Minimum - PPE,,3.0,,,,3.0,,,,3.0,,,,,,,,,,,,,,,,,,,,,,,
6_Disclosures,Useful Life - Furniture And Fixtures - Maximum - PPE,,5.0,,,,5.0,,,,5.0,,,,,,,,,,,,,,,,,,,,,,,
6_Disclosures,Useful Life - Furniture And Fixtures - Minimum - PPE,,3.0,,,,3.0,,,,3.0,,,,,,,,,,,,,,,,,,,,,,,
6_Disclosures,Useful Life - Intangibles - Maximum,,18.0,,,,18.0,,,,18.0,,,,,,,,,,,,,,,,,,,,,,,
6_Disclosures,Useful Life - Intangibles - Minimum,,1.0,,,,1.0,,,,2.0,,,,,,,,,,,,,,,,,,,,,,,
6_Disclosures,Useful Life - Maximum - Motor Vehicles And Other Equipment - PPE,,10.0,,,,10.0,,,,,,,,,,,,,,,,,,,,,,,,,,,
6_Disclosures,Useful Life - Minimum - Motor Vehicles And Other Equipment - PPE,,3.0,,,,3.0,,,,,,,,,,,,,,,,,,,,,,,,,,,
6_Disclosures,Useful Life - PPE - Software Development,,2.0,,,,2.0,,,,2.0,,,,,,,,,,,,,,,,,,,,,,,
8_Integrity_Checks,Metric: Balance Sheet Closure Verified,1.0,1.0,1.0,1.0,1.0,1.0,1.0,1.0,1.0,1.0,1.0,1.0,1.0,1.0,1.0,1.0,1.0,1.0,1.0,1.0,1.0,1.0,1.0,1.0,1.0,1.0,1.0,1.0,1.0,1.0,,,
8_Integrity_Checks,Metric: Balance Sheet Footing Verified,1.0,1.0,1.0,1.0,1.0,1.0,1.0,1.0,1.0,1.0,1.0,1.0,1.0,1.0,1.0,1.0,1.0,1.0,1.0,1.0,1.0,1.0,1.0,1.0,1.0,1.0,1.0,1.0,1.0,1.0,,,
8_Integrity_Checks,Metric: Cash Flow Footing Verified,1.0,1.0,1.0,1.0,1.0,1.0,1.0,1.0,1.0,1.0,1.0,1.0,1.0,1.0,1.0,1.0,1.0,1.0,1.0,1.0,1.0,1.0,1.0,1.0,1.0,1.0,1.0,1.0,1.0,1.0,1.0,1.0,1.0
8_Integrity_Checks,Metric: Financials Footing Verified,1.0,1.0,1.0,1.0,1.0,1.0,1.0,1.0,1.0,1.0,1.0,1.0,1.0,1.0,1.0,1.0,1.0,1.0,1.0,1.0,1.0,1.0,1.0,1.0,1.0,1.0,1.0,1.0,1.0,1.0,,,
8_Integrity_Checks,Metric: Income Statement Footing Verified,1.0,1.0,1.0,1.0,1.0,1.0,1.0,1.0,1.0,1.0,1.0,1.0,1.0,1.0,1.0,1.0,1.0,1.0,1.0,1.0,1.0,1.0,1.0,1.0,1.0,1.0,1.0,1.0,1.0,1.0,1.0,1.0,1.0
8_Integrity_Checks,Metric: Operating Measure Conflicts,,,,,,,,,0.0,,,,0.0,0.0,0.0,,0.0,0.0,0.0,,0.0,0.0,0.0,0.0,0.0,,0.0,0.0,0.0,,0.0,,
8_Integrity_Checks,Metric: Operating Measure Equation Coverage %,,,,,,,,,0.0,,,,0.0,0.0,0.0,,0.0,0.0,0.0,,0.0,100.0,0.0,0.0,0.0,,0.0,0.0,0.0,,0.0,,
8_Integrity_Checks,Metric: Operating Measure Rows Sourced,,,,,,,,,3.0,,,,4.0,1.0,4.0,,4.0,1.0,4.0,,4.0,1.0,2.0,3.0,3.0,,4.0,4.0,4.0,,3.0,,
8_Integrity_Checks,Metric: Operating Measure Source Confidence %,,,,,,,,,94.89999999999998,,,,94.89999999999998,,94.89999999999998,,94.89999999999998,,94.89999999999998,,94.89999999999998,88.0,95.425,94.89999999999998,95.425,,94.89999999999998,94.89999999999998,94.89999999999998,,94.89999999999998,,
8_Integrity_Checks,Metric: Operating Measures Verified,,,,,,,,,,,,,,,,,,,,,,1.0,,,,,,,,,,,
8_Integrity_Checks,Metric: Segment Revenue Footing Basis Code,1.0,1.0,1.0,1.0,1.0,1.0,1.0,1.0,1.0,1.0,1.0,1.0,1.0,1.0,1.0,1.0,1.0,1.0,1.0,1.0,1.0,1.0,1.0,1.0,1.0,2.0,1.0,1.0,1.0,2.0,2.0,2.0,2.0
8_Integrity_Checks,Metric: Segment Revenue Footing Error %,0.0,0.0,0.0,0.0,0.0,0.0,0.0,0.0,0.0,0.0,0.0,0.0,0.0,0.0,0.0,0.0,0.0,0.0,0.0,0.0,0.2755769893213917,0.8214849921011059,0.8887308922858158,1.5159435441714584,1.6933497536945814,,1.4424337791765016,0.8843967150979154,0.5808325266214909,,,,
8_Integrity_Checks,Metric: Segment Revenue Footing Verified,1.0,1.0,1.0,1.0,1.0,1.0,1.0,1.0,1.0,1.0,1.0,1.0,1.0,1.0,1.0,1.0,1.0,1.0,1.0,1.0,1.0,1.0,1.0,1.0,1.0,,1.0,1.0,1.0,,,,
8_Integrity_Checks,Metric: Segment Sum Verified (Revenue),1.0,1.0,1.0,1.0,1.0,1.0,1.0,1.0,1.0,1.0,,,,1.0,,,,1.0,,,,1.0,0.0,0.0,,0.0,0.0,0.0,0.0,0.0,1.0,0.0,0.0
4d_Segments_Cross_Tabulated,Revenue - Core Platform - United States And Canada,,,,,,,,,,,,,,,,,,,,,,,,,,,,1776000000.0,1750000000.0,,,1493000000.0,1387000000.0
